RouteIdentifier,survey_year,CollectorNumber,grid_id
NB054,2017,1030073,129
NB002,2017,1068489,123
NB017,2017,1030056,196
NB041,2017,1030056,195
NB039,2017,1032147,187
NB073,2017,1030070,176
NB046,2017,1030405,174
NB094,2017,1030122,180
NB009,2017,1030122,172
NB096,2017,1030122,172
NB031,2017,1051830,126
NB083,2017,1030122,182
NB052,2017,1030370,128
NB030,2017,1051830,132
NB029,2017,1074875,117
NB038,2017,1030372,176
NB060,2017,1077609,141
NB053,2017,1030085,129
NB023,2017,1030368,146
NB080,2017,1051847,138
NB085,2016,1077263,192
NB113,2017,1051849,128
NB113,2016,1051849,128
NB061,2016,1030081,141
NB001,2017,1054918,123
NB003,2017,1074890,137
NB043,2017,1051811,208
NB102,2017,1051811,197
NB101,2017,1051811,196
NB110,2017,1051827,123
NB033,2017,1030374,138
NB028,2017,1051827,120
NB070,2017,1051844,140
NB036,2017,1051832,168
NB063,2017,1074880,156
NB062,2017,1030030,141
NB006,2017,1074874,151
NB079,2017,1051810,150
NB076,2017,1079011,145
NB081,2017,1079009,134
NB056,2017,1077272,124
NB084,2017,1074880,156
NB069,2017,1030041,108
NB045,2017,1051811,195
NB068,2017,1051843,108
NB009,2018,1030122,172
NB075,2018,1079011,149
NB008,2018,1074874,159
NB070,2018,1051844,140
NB054,2018,1030073,129
NB037,2018,1030372,168
NB073,2018,1030070,176
NB041,2018,1030056,195
NB069,2018,1030051,108
NB039,2018,1032147,187
NB036,2018,1051832,168
NB023,2018,1030368,146
NB080,2018,1051847,138
NB028,2018,1051827,120
NB056,2018,1046609,124
NB094,2018,1030122,180
NB096,2018,1030122,172
NB063,2018,1074880,156
NB046,2018,1030405,174
NB001,2018,1054918,123
NB025,2018,1030464,131
NB101,2018,1051811,196
NB085,2018,1077263,192
NB043,2018,1077268,208
NB102,2018,1051811,197
NB081,2018,1079009,134
NB061,2018,1030081,141
NB104,2017,1044071,147
NB038,2018,1030372,176
NB113,2018,1030060,128
NB104,2018,1044071,147
NB057,2017,1030089,129
NB053,2018,1030085,129
NB083,2018,1030122,182
NB030,2018,1051830,132
NB033,2018,1081240,138
NB070,2019,1043244,140
NB031,2018,1051830,126
NB017,2019,1030056,196
NB041,2019,1030056,195
NB026,2018,1079129,139
NB060,2019,1081183,141
NB026,2019,1079129,139
NB052,2019,1030370,128
NB013,2019,1081262,191
NB033,2019,1081240,138
NB073,2019,1030070,176
NB006,2019,1078366,151
NB068,2018,1051843,108
NB039,2019,1032147,187
NB046,2019,1030405,174
NB037,2019,1030372,168
NB062,2019,1053423,141
NB061,2019,1032461,141
NB054,2019,1081148,129
NB038,2019,1030372,176
NB029,2019,1081392,117
NB030,2019,1051830,132
NB096,2019,1030122,172
NB110,2019,1051827,123
NB001,2003,1030403,123
NB001,2010,1030403,123
NB028,2019,1051827,120
NB009,2019,1030122,172
NB001,2002,1030403,123
NB001,2011,1030403,123
NB001,2005,1030403,123
NB068,2019,1051843,108
NB001,2009,1030403,123
NB001,2006,1030403,123
NB001,2007,1030403,123
NB001,2012,1032146,123
NB078,2019,1081351,139
NB002,2001,1051827,123
NB002,2002,1074834,123
NB002,2003,1077261,123
NB069,2019,1030051,108
NB002,2011,1077261,123
NB002,2013,1077261,123
NB002,2005,1077261,123
NB002,2009,1077261,123
NB002,2014,1077261,123
NB002,2015,1077269,123
NB003,2002,1074861,137
NB003,2013,1074890,137
NB003,2015,1074890,137
NB003,2007,1077307,137
NB001,2008,1030403,123
NB004,2015,1030390,130
NB004,2014,1030390,130
NB004,2001,1030390,130
NB001,2015,1054918,123
NB004,2009,1030390,130
NB004,2004,1030390,130
NB004,2016,1030390,130
NB004,2007,1030390,130
NB004,2005,1030390,130
NB005,2009,1075571,151
NB005,2011,1075571,151
NB005,2010,1075571,151
NB005,2006,1075571,151
NB005,2003,1075571,151
NB005,2001,1075571,151
NB005,2004,1075571,151
NB006,2001,1074819,151
NB006,2016,1074874,151
NB003,2016,1074890,137
NB002,2016,1074873,123
NB003,2005,1077307,137
NB004,2008,1030390,130
NB002,2012,1077261,123
NB006,2014,1074874,151
NB006,2003,1075571,151
NB004,2011,1030390,130
NB004,2010,1030390,130
NB006,2011,1075571,151
NB006,2004,1075571,151
NB006,2005,1075571,151
NB006,2009,1075571,151
NB007,2001,1074776,157
NB007,2003,1074776,157
NB005,2005,1075571,151
NB007,2002,1074776,157
NB005,2002,1075571,151
NB007,2006,1077302,157
NB008,2001,1077285,159
NB008,2009,1077285,159
NB008,2007,1077285,159
NB001,2013,1032146,123
NB006,2015,1074874,151
NB006,2013,1074898,151
NB004,2002,1030390,130
NB008,2006,1077285,159
NB008,2005,1077285,159
NB008,2003,1077285,159
NB009,2002,1030122,172
NB009,2003,1030122,172
NB006,2002,1075571,151
NB009,2008,1030122,172
NB009,2005,1030122,172
NB009,2006,1030122,172
NB006,2007,1075571,151
NB006,2010,1075571,151
NB009,2007,1030122,172
NB009,2012,1030122,172
NB009,2015,1030122,172
NB009,2010,1030122,172
NB009,2009,1030122,172
NB008,2012,1074897,159
NB008,2010,1077285,159
NB009,2014,1030122,172
NB010,2010,1030030,175
NB010,2001,1074815,175
NB004,2013,1030390,130
NB010,2004,1074836,175
NB011,2009,1051811,194
NB011,2008,1051811,194
NB011,2007,1051811,194
NB011,2006,1051811,194
NB011,2002,1051811,194
NB011,2001,1051811,194
NB011,2003,1051811,194
NB012,2004,1030122,194
NB013,2003,1030122,191
NB013,2005,1030122,191
NB013,2006,1030122,191
NB013,2009,1030122,191
NB013,2002,1074835,191
NB014,2003,1030122,180
NB014,2004,1030122,180
NB014,2001,1074783,180
NB011,2005,1051811,194
NB014,2002,1074823,180
NB015,2002,1074808,209
NB011,2016,1051811,194
NB011,2004,1051811,194
NB008,2002,1077285,159
NB015,2008,1077271,209
NB015,2006,1077271,209
NB015,2010,1077271,209
NB015,2005,1077271,209
NB015,2007,1077271,209
NB015,2016,1077271,209
NB016,2013,1051811,186
NB009,2011,1030122,172
NB011,2011,1051811,194
NB016,2007,1051811,186
NB016,2006,1051811,186
NB012,2002,1030122,194
NB012,2003,1030122,194
NB013,2011,1030122,191
NB016,2005,1051811,186
NB017,2010,1030030,196
NB017,2015,1030056,196
NB017,2014,1030056,196
NB015,2001,1074808,209
NB011,2012,1051811,194
NB017,2011,1030056,196
NB017,2016,1030056,196
NB017,2013,1030056,196
NB016,2001,1077273,186
NB017,2001,1074795,196
NB017,2004,1074795,196
NB017,2003,1074795,196
NB013,2004,1030122,191
NB017,2012,1030056,196
NB018,2003,1051817,169
NB018,2004,1051817,169
NB018,2001,1074816,169
NB019,2002,1074806,168
NB019,2001,1074806,168
NB020,2010,1051817,162
NB014,2005,1074863,180
NB020,2009,1051817,162
NB020,2011,1051817,162
NB020,2008,1051817,162
NB018,2005,1051817,169
NB020,2006,1051817,162
NB020,2004,1051817,162
NB020,2003,1051817,162
NB020,2013,1051817,162
NB020,2007,1051817,162
NB020,2001,1074799,162
NB020,2002,1074837,162
NB021,2001,1051818,169
NB021,2009,1051818,169
NB020,2005,1051817,162
NB021,2007,1051818,169
NB021,2005,1051818,169
NB021,2012,1051818,169
NB021,2006,1051818,169
NB021,2003,1051818,169
NB021,2010,1051818,169
NB021,2008,1051818,169
NB022,2006,1030387,146
NB022,2010,1030387,146
NB022,2008,1030387,146
NB022,2001,1030387,146
NB022,2002,1030387,146
NB022,2009,1030387,146
NB022,2005,1030387,146
NB022,2012,1030387,146
NB022,2003,1030387,146
NB022,2011,1030387,146
NB022,2004,1030387,146
NB022,2013,1032674,146
NB022,2014,1032674,146
NB023,2001,1030368,146
NB023,2016,1030368,146
NB023,2002,1030368,146
NB023,2003,1030368,146
NB023,2004,1030368,146
NB023,2005,1030368,146
NB023,2006,1030368,146
NB023,2007,1030368,146
NB023,2015,1030368,146
NB023,2009,1030368,146
NB023,2008,1030368,146
NB023,2013,1030368,146
NB023,2012,1030368,146
NB023,2011,1030368,146
NB023,2014,1030368,146
NB024,2004,1051822,137
NB024,2001,1051822,137
NB024,2002,1051822,137
NB024,2003,1051822,137
NB024,2012,1051822,137
NB024,2010,1051822,137
NB024,2005,1051822,137
NB024,2008,1051822,137
NB024,2006,1051822,137
NB024,2009,1051822,137
NB025,2014,1030464,131
NB025,2001,1030464,131
NB025,2005,1030464,131
NB025,2003,1030464,131
NB023,2010,1030368,146
NB025,2013,1030464,131
NB025,2007,1030464,131
NB025,2010,1030464,131
NB024,2007,1051822,137
NB025,2006,1030464,131
NB026,2009,1030642,139
NB026,2001,1074825,139
NB026,2015,1074876,139
NB026,2012,1074889,139
NB026,2005,1077301,139
NB026,2006,1077301,139
NB027,2006,1051826,125
NB027,2016,1051826,125
NB027,2009,1051826,125
NB027,2011,1051826,125
NB027,2013,1051826,125
NB027,2015,1051826,125
NB027,2014,1051826,125
NB027,2003,1074774,125
NB028,2011,1051827,120
NB028,2007,1051827,120
NB028,2006,1051827,120
NB028,2009,1051827,120
NB028,2014,1051827,120
NB025,2016,1030464,131
NB028,2013,1051827,120
NB028,2012,1051827,120
NB028,2010,1051827,120
NB026,2010,1030642,139
NB028,2016,1051827,120
NB028,2015,1051827,120
NB028,2001,1075308,120
NB029,2016,1074875,117
NB029,2006,1077305,117
NB029,2005,1077305,117
NB027,2010,1051826,125
NB029,2010,1081633,117
NB030,2015,1051830,132
NB027,2005,1051826,125
NB030,2008,1075212,132
NB030,2007,1075212,132
NB027,2007,1051826,125
NB030,2002,1077260,132
NB030,2006,1077260,132
NB030,2001,1077260,132
NB030,2004,1077260,132
NB030,2005,1077260,132
NB031,2006,1030067,126
NB031,2001,1030067,126
NB031,2007,1030067,126
NB031,2003,1030067,126
NB031,2010,1031545,126
NB031,2015,1051830,126
NB031,2016,1051830,126
NB031,2014,1051830,126
NB031,2013,1051830,126
NB032,2007,1077269,132
NB032,2003,1077269,132
NB032,2004,1077269,132
NB032,2009,1077269,132
NB032,2006,1077269,132
NB032,2010,1077269,132
NB032,2002,1077269,132
NB032,2001,1077269,132
NB032,2012,1077269,132
NB033,2013,1030374,138
NB028,2008,1051827,120
NB028,2005,1051827,120
NB033,2011,1030374,138
NB028,2002,1075308,120
NB028,2003,1075308,120
NB033,2009,1030374,138
NB033,2010,1030374,138
NB033,2015,1030374,138
NB033,2012,1030374,138
NB033,2016,1030374,138
NB029,2004,1077305,117
NB029,2014,1045459,117
NB030,2016,1051830,132
NB033,2001,1074782,138
NB033,2002,1074911,138
NB033,2004,1074911,138
NB033,2005,1074911,138
NB033,2006,1074911,138
NB030,2003,1077260,132
NB031,2002,1030067,126
NB027,2008,1051826,125
NB033,2008,1074911,138
NB034,2002,1074788,153
NB034,2001,1074788,153
NB034,2003,1074788,153
NB035,2014,1077266,153
NB035,2010,1077266,153
NB035,2007,1077266,153
NB035,2006,1077266,153
NB031,2012,1051830,126
NB035,2005,1077266,153
NB035,2001,1077266,153
NB035,2002,1077266,153
NB032,2005,1077269,132
NB035,2011,1077266,153
NB035,2003,1077266,153
NB035,2012,1077266,153
NB036,2002,1051832,168
NB036,2008,1051832,168
NB033,2014,1030374,138
NB036,2004,1051832,168
NB036,2003,1051832,168
NB036,2007,1051832,168
NB035,2009,1077266,153
NB036,2011,1051832,168
NB036,2015,1051832,168
NB036,2014,1051832,168
NB036,2009,1051832,168
NB036,2013,1051832,168
NB036,2012,1051832,168
NB036,2001,1051832,168
NB036,2016,1051832,168
NB037,2012,1051818,168
NB037,2003,1051818,168
NB037,2006,1051818,168
NB037,2007,1051818,168
NB035,2013,1077266,153
NB037,2010,1051818,168
NB038,2010,1030372,176
NB035,2008,1077266,153
NB035,2004,1077266,153
NB036,2006,1051832,168
NB036,2005,1051832,168
NB038,2013,1030372,176
NB038,2011,1030372,176
NB038,2012,1030372,176
NB037,2009,1051818,168
NB038,2001,1074810,176
NB038,2004,1074844,176
NB039,2008,1032147,187
NB039,2010,1032147,187
NB039,2009,1032147,187
NB039,2011,1032147,187
NB037,2001,1051818,168
NB037,2002,1051818,168
NB039,2013,1032147,187
NB038,2016,1030372,176
NB038,2015,1030372,176
NB039,2015,1032147,187
NB039,2016,1032147,187
NB039,2001,1074805,187
NB039,2002,1074841,187
NB039,2006,1077258,187
NB039,2004,1077258,187
NB038,2009,1030372,176
NB039,2003,1077258,187
NB040,2002,1030056,195
NB040,2004,1074803,195
NB041,2008,1030056,195
NB041,2012,1030056,195
NB041,2009,1030056,195
NB038,2003,1074810,176
NB041,2004,1030056,195
NB039,2014,1032147,187
NB039,2005,1077258,187
NB036,2010,1051832,168
NB041,2002,1030056,195
NB041,2011,1030056,195
NB041,2003,1030056,195
NB041,2015,1030056,195
NB040,2005,1074803,195
NB040,2003,1074803,195
NB041,2013,1030056,195
NB041,2005,1030056,195
NB041,2006,1030056,195
NB041,2007,1030056,195
NB041,2010,1030056,195
NB041,2001,1074812,195
NB042,2008,1077271,209
NB042,2002,1077271,209
NB042,2016,1077271,209
NB041,2016,1030056,195
NB041,2014,1030056,195
NB042,2003,1077271,209
NB042,2004,1077271,209
NB042,2006,1077271,209
NB042,2007,1077271,209
NB042,2001,1077271,209
NB043,2011,1051811,208
NB043,2015,1051811,208
NB043,2009,1051811,208
NB043,2016,1051811,208
NB042,2010,1077271,209
NB043,2013,1051811,208
NB043,2007,1077268,208
NB043,2006,1077268,208
NB043,2001,1077268,208
NB043,2002,1077268,208
NB044,2001,1074801,195
NB044,2004,1074801,195
NB044,2003,1074801,195
NB044,2005,1077303,195
NB044,2006,1077303,195
NB044,2007,1077303,195
NB045,2013,1051811,195
NB045,2011,1051811,195
NB045,2008,1051811,195
NB045,2009,1051811,195
NB043,2008,1051811,208
NB045,2007,1051811,195
NB045,2003,1077267,195
NB043,2012,1051811,208
NB045,2001,1077267,195
NB046,2016,1030405,174
NB043,2004,1077268,208
NB046,2006,1030405,174
NB046,2015,1030405,174
NB043,2005,1077268,208
NB046,2008,1030405,174
NB043,2003,1077268,208
NB046,2009,1030405,174
NB046,2011,1030405,174
NB046,2014,1030405,174
NB046,2013,1030405,174
NB046,2010,1030405,174
NB046,2005,1030405,174
NB046,2007,1030405,174
NB046,2001,1074791,174
NB046,2002,1074791,174
NB046,2003,1074791,174
NB046,2004,1074791,174
NB047,2009,1030349,174
NB045,2002,1077267,195
NB047,2012,1030349,174
NB047,2003,1077265,174
NB047,2006,1077265,174
NB047,2001,1077265,174
NB047,2005,1077265,174
NB047,2004,1077265,174
NB047,2002,1077265,174
NB048,2013,1030092,160
NB048,2007,1030092,160
NB042,2012,1077271,209
NB048,2009,1030092,160
NB048,2005,1030092,160
NB048,2004,1030092,160
NB048,2003,1030092,160
NB049,2012,1051839,166
NB049,2015,1051839,166
NB049,2009,1051839,166
NB049,2006,1051839,166
NB049,2010,1051839,166
NB049,2001,1074809,166
NB047,2008,1030070,174
NB049,2002,1074809,166
NB050,2001,1077275,152
NB050,2009,1077275,152
NB050,2007,1077275,152
NB050,2006,1077275,152
NB050,2005,1077275,152
NB050,2004,1077275,152
NB050,2003,1077275,152
NB050,2012,1077275,152
NB051,2005,1030642,145
NB051,2003,1030642,145
NB051,2004,1030642,145
NB051,2013,1051842,145
NB052,2015,1030084,128
NB052,2003,1030084,128
NB052,2001,1030084,128
NB052,2008,1030084,128
NB052,2012,1030084,128
NB052,2014,1030084,128
NB052,2007,1030084,128
NB044,2008,1077303,195
NB052,2010,1030084,128
NB052,2016,1030084,128
NB052,2009,1030084,128
NB052,2013,1030084,128
NB052,2002,1030084,128
NB053,2001,1030085,129
NB047,2013,1030349,174
NB047,2010,1030349,174
NB053,2008,1030085,129
NB053,2007,1030085,129
NB053,2004,1030085,129
NB053,2002,1030085,129
NB053,2005,1030085,129
NB053,2003,1030085,129
NB053,2006,1030085,129
NB053,2013,1030085,129
NB053,2010,1030085,129
NB053,2011,1030085,129
NB048,2010,1030092,160
NB053,2012,1030085,129
NB053,2015,1030085,129
NB048,2012,1030092,160
NB048,2006,1030092,160
NB053,2014,1030085,129
NB054,2007,1030073,129
NB054,2014,1030073,129
NB054,2011,1030073,129
NB054,2009,1030073,129
NB049,2007,1051839,166
NB049,2008,1051839,166
NB054,2008,1030073,129
NB054,2016,1030073,129
NB054,2013,1030073,129
NB054,2002,1075212,129
NB054,2001,1075212,129
NB054,2003,1075212,129
NB050,2002,1077275,152
NB054,2004,1075212,129
NB054,2005,1075212,129
NB055,2004,1051849,128
NB055,2003,1051849,128
NB056,2012,1077272,124
NB056,2013,1077272,124
NB050,2010,1077275,152
NB056,2015,1077272,124
NB056,2010,1077272,124
NB056,2004,1077272,124
NB056,2011,1077272,124
NB056,2006,1077272,124
NB056,2007,1077272,124
NB051,2012,1051842,145
NB056,2002,1077272,124
NB052,2005,1030084,128
NB056,2003,1077272,124
NB056,2008,1077272,124
NB057,2016,1030089,129
NB057,2015,1030089,129
NB057,2002,1030089,129
NB051,2010,1081637,145
NB057,2001,1030089,129
NB057,2003,1030089,129
NB057,2006,1030089,129
NB057,2010,1030089,129
NB057,2005,1030089,129
NB057,2009,1030089,129
NB058,2011,1030072,133
NB058,2010,1030072,133
NB058,2012,1030072,133
NB053,2009,1030085,129
NB058,2008,1030072,133
NB052,2011,1030084,128
NB058,2006,1030072,133
NB058,2005,1030072,133
NB058,2003,1030072,133
NB058,2002,1030072,133
NB058,2001,1030072,133
NB059,2014,1030072,133
NB059,2010,1030137,133
NB059,2009,1030137,133
NB059,2011,1030137,133
NB059,2004,1075448,133
NB054,2012,1030073,129
NB053,2016,1030085,129
NB059,2007,1075448,133
NB059,2006,1077267,133
NB055,2006,1051849,128
NB059,2005,1077267,133
NB060,2004,1030404,141
NB060,2009,1030404,141
NB055,2002,1051849,128
NB055,2002,1051849,128
NB060,2005,1030404,141
NB056,2001,1077272,124
NB056,2005,1077272,124
NB060,2002,1043895,141
NB061,2002,1030081,141
NB061,2009,1030081,141
NB061,2011,1030081,141
NB061,2007,1030081,141
NB061,2006,1030081,141
NB061,2005,1030081,141
NB055,2006,1051849,128
NB055,2003,1051849,128
NB056,2009,1077272,124
NB061,2003,1030081,141
NB061,2015,1030081,141
NB055,2001,1051849,128
NB061,2010,1030081,141
NB061,2012,1030081,141
NB061,2013,1030081,141
NB061,2014,1030081,141
NB061,2008,1030081,141
NB061,2004,1030081,141
NB062,2009,1030030,141
NB057,2004,1030089,129
NB062,2011,1030030,141
NB062,2008,1030030,141
NB062,2016,1030030,141
NB062,2012,1030030,141
NB062,2010,1030030,141
NB062,2013,1051842,141
NB062,2001,1074794,141
NB062,2006,1077273,141
NB057,2011,1030089,129
NB062,2005,1077273,141
NB062,2004,1077273,141
NB057,2014,1030089,129
NB063,2015,1030030,156
NB063,2007,1030642,156
NB063,2008,1030957,156
NB063,2010,1043244,156
NB063,2001,1074784,156
NB063,2016,1074880,156
NB064,2006,1030092,158
NB064,2011,1030092,158
NB064,2012,1030092,158
NB064,2004,1030092,158
NB064,2009,1030092,158
NB064,2007,1030092,158
NB064,2008,1030092,158
NB058,2004,1030072,133
NB064,2010,1030092,158
NB064,2005,1030092,158
NB064,2001,1074785,158
NB064,2002,1075448,158
NB065,2010,1030030,183
NB059,2001,1074813,133
NB059,2003,1075448,133
NB065,2002,1074820,183
NB060,2007,1030404,141
NB065,2001,1074820,183
NB065,2003,1074820,183
NB066,2001,1074821,183
NB066,2002,1074844,183
NB067,2004,1030405,192
NB067,2003,1030405,192
NB067,2001,1074811,192
NB067,2002,1074811,192
NB068,2005,1030030,108
NB068,2015,1051843,108
NB061,2001,1030081,141
NB068,2016,1051843,108
NB068,2001,1074800,108
NB068,2004,1074800,108
NB068,2003,1074800,108
NB062,2015,1030030,141
NB069,2004,1013890,108
NB069,2003,1013890,108
NB069,2012,1013890,108
NB069,2015,1013890,108
NB069,2016,1013890,108
NB069,2001,1013890,108
NB069,2013,1013890,108
NB063,2003,1074784,156
NB069,2007,1013890,108
NB069,2009,1013890,108
NB063,2002,1074784,156
NB069,2008,1013890,108
NB069,2011,1013890,108
NB064,2003,1030092,158
NB069,2014,1013890,108
NB069,2006,1030237,108
NB064,2013,1030092,158
NB070,2006,1030030,140
NB070,2012,1043244,140
NB070,2015,1043244,140
NB070,2013,1043244,140
NB070,2004,1074818,140
NB070,2003,1074818,140
NB070,2002,1074818,140
NB070,2001,1074818,140
NB070,2007,1077262,140
NB070,2008,1077262,140
NB071,2015,1051845,193
NB071,2010,1051845,193
NB071,2012,1051845,193
NB071,2007,1051845,193
NB071,2005,1051845,193
NB071,2008,1051845,193
NB071,2011,1051845,193
NB068,2007,1051843,108
NB071,2001,1051845,193
NB071,2004,1051845,193
NB071,2003,1051845,193
NB071,2002,1051845,193
NB068,2014,1051843,108
NB072,2002,1030122,203
NB072,2011,1030122,203
NB072,2007,1030122,203
NB072,2006,1030122,203
NB072,2005,1030122,203
NB069,2005,1013890,108
NB072,2012,1030122,203
NB069,2002,1013890,108
NB072,2003,1030122,203
NB072,2009,1030122,203
NB072,2008,1030122,203
NB072,2001,1074823,203
NB073,2014,1030070,176
NB073,2010,1030070,176
NB073,2009,1030070,176
NB073,2004,1030070,176
NB069,2010,1013890,108
NB073,2006,1030070,176
NB073,2016,1030070,176
NB073,2011,1030070,176
NB073,2012,1030070,176
NB073,2001,1030070,176
NB073,2008,1030070,176
NB074,2013,1051846,125
NB074,2010,1051846,125
NB074,2001,1074804,125
NB075,2010,1030092,149
NB070,2005,1074818,140
NB075,2013,1030092,149
NB075,2008,1030092,149
NB075,2009,1030092,149
NB075,2011,1030092,149
NB075,2007,1030092,149
NB075,2001,1074824,149
NB071,2009,1051845,193
NB075,2003,1074824,149
NB075,2004,1074824,149
NB055,2004,1051849,128
NB055,2001,1051849,128
NB075,2005,1074833,149
NB075,2015,1079011,149
NB076,2010,1030030,145
NB072,2004,1030122,203
NB076,2013,1044071,145
NB076,2002,1074781,145
NB076,2003,1077253,145
NB077,2002,1074807,184
NB078,2010,1030030,139
NB078,2012,1032177,139
NB078,2003,1074814,139
NB078,2002,1074814,139
NB073,2007,1030070,176
NB073,2015,1030070,176
NB078,2005,1074867,139
NB078,2015,1074876,139
NB078,2016,1074879,139
NB079,2014,1051810,150
NB079,2015,1051810,150
NB073,2005,1030070,176
NB079,2001,1074817,150
NB079,2002,1074845,150
NB080,2006,1051847,138
NB080,2011,1051847,138
NB073,2002,1030070,176
NB073,2003,1030070,176
NB074,2012,1051846,125
NB080,2016,1051847,138
NB080,2012,1051847,138
NB080,2015,1051847,138
NB074,2002,1074804,125
NB075,2012,1030092,149
NB080,2005,1051847,138
NB080,2004,1051847,138
NB080,2001,1051847,138
NB080,2003,1051847,138
NB080,2010,1051847,138
NB080,2008,1051847,138
NB075,2016,1079011,149
NB080,2009,1051847,138
NB075,2002,1074824,149
NB081,2007,1077270,134
NB075,2014,1079011,149
NB076,2005,1077253,145
NB081,2006,1077270,134
NB076,2001,1074781,145
NB077,2001,1074807,184
NB082,2009,1030137,133
NB082,2013,1051848,133
NB078,2001,1074814,139
NB082,2005,1074777,133
NB082,2001,1074777,133
NB082,2003,1074777,133
NB078,2004,1074814,139
NB079,2016,1051810,150
NB082,2002,1074777,133
NB083,2010,1030122,182
NB083,2014,1030122,182
NB079,2003,1077254,150
NB083,2011,1030122,182
NB083,2012,1030122,182
NB080,2013,1051847,138
NB083,2002,1074822,182
NB083,2003,1074822,182
NB083,2001,1074822,182
NB080,2007,1051847,138
NB083,2007,1077288,182
NB083,2005,1077288,182
NB083,2004,1077288,182
NB083,2008,1077288,182
NB084,2016,1074880,156
NB084,2002,1077274,156
NB084,2007,1077274,156
NB084,2006,1077274,156
NB084,2005,1077274,156
NB084,2003,1077274,156
NB080,2002,1051847,138
NB084,2001,1077274,156
NB081,2013,1074779,134
NB084,2010,1081636,156
NB081,2012,1074870,134
NB085,2014,1077263,192
NB081,2003,1077270,134
NB081,2001,1077270,134
NB085,2001,1077263,192
NB085,2012,1077263,192
NB085,2005,1077263,192
NB085,2006,1077263,192
NB085,2007,1077263,192
NB083,2009,1030122,182
NB085,2013,1077263,192
NB085,2015,1077263,192
NB085,2003,1077263,192
NB081,2002,1077270,134
NB085,2002,1077263,192
NB085,2010,1077263,192
NB085,2008,1077263,192
NB083,2006,1077288,182
NB086,2011,1074868,190
NB086,2015,1074868,190
NB086,2008,1077256,190
NB086,2009,1077256,190
NB081,2005,1077270,134
NB086,2010,1077256,190
NB086,2007,1077257,190
NB086,2006,1077257,190
NB086,2005,1077257,190
NB086,2002,1077257,190
NB086,2003,1077257,190
NB084,2004,1077274,156
NB087,2003,1077311,157
NB087,2010,1081641,157
NB087,2011,1081641,157
NB088,2006,1067861,138
NB085,2009,1077263,192
NB088,2009,1067861,138
NB088,2001,1074802,138
NB088,2007,1077313,138
NB089,2008,1067861,138
NB089,2006,1067861,138
NB089,2001,1074802,138
NB089,2007,1077313,138
NB090,2002,1067861,132
NB090,2001,1074802,132
NB090,2007,1077313,132
NB091,2001,1074826,128
NB088,2008,1067861,138
NB091,2005,1077308,128
NB091,2003,1077308,128
NB091,2009,1077308,128
NB092,2007,1051836,164
NB092,2006,1051836,164
NB092,2005,1051836,164
NB092,2004,1051836,164
NB086,2001,1077257,190
NB092,2003,1051836,164
NB092,2001,1074778,164
NB092,2011,1077318,164
NB092,2008,1077318,164
NB092,2009,1077318,164
NB090,2014,1067861,132
NB094,2015,1030122,180
NB094,2012,1030122,180
NB094,2007,1030122,180
NB091,2002,1074871,128
NB094,2008,1030122,180
NB091,2004,1077308,128
NB091,2006,1077308,128
NB094,2006,1030122,180
NB094,2005,1030122,180
NB094,2004,1030122,180
NB094,2003,1030122,180
NB091,2010,1077308,128
NB094,2002,1030122,180
NB096,2014,1030122,172
NB096,2010,1030122,172
NB096,2009,1030122,172
NB096,2008,1030122,172
NB096,2006,1030122,172
NB096,2005,1030122,172
NB096,2004,1030122,172
NB096,2007,1030122,172
NB096,2003,1077288,172
NB096,2002,1077288,172
NB097,2004,1074836,167
NB097,2002,1074836,167
NB097,2005,1077311,167
NB098,2002,1074797,154
NB098,2005,1081632,154
NB098,2004,1081632,154
NB099,2015,1044182,162
NB094,2010,1030122,180
NB099,2002,1077255,162
NB099,2006,1077255,162
NB099,2005,1077255,162
NB099,2003,1077255,162
NB101,2016,1051811,196
NB094,2014,1030122,180
NB101,2009,1051811,196
NB101,2008,1051811,196
NB101,2007,1051811,196
NB101,2004,1051811,196
NB101,2005,1051811,196
NB101,2006,1051811,196
NB101,2013,1051811,196
NB096,2015,1030122,172
NB102,2012,1051811,197
NB096,2012,1030122,172
NB099,2010,1030030,162
NB091,2007,1077308,128
NB099,2004,1077255,162
NB101,2011,1051811,196
NB101,2012,1051811,196
NB101,2003,1051811,196
NB102,2008,1051811,197
NB102,2006,1051811,197
NB102,2005,1051811,197
NB102,2013,1051811,197
NB102,2004,1051811,197
NB102,2003,1051811,197
NB102,2015,1051811,197
NB102,2016,1051811,197
NB103,2002,1013845,161
NB103,2003,1013845,161
NB103,2011,1030137,161
NB103,2009,1030137,161
NB103,2008,1030137,161
NB104,2004,1013845,147
NB104,2006,1013845,147
NB104,2016,1044071,147
NB104,2015,1044071,147
NB104,2012,1044071,147
NB104,2005,1013845,147
NB104,2014,1044071,147
NB104,2013,1044071,147
NB105,2009,1030089,128
NB105,2006,1030089,128
NB105,2005,1030089,128
NB105,2004,1030089,128
NB105,2008,1030089,128
NB107,2002,1074881,174
NB105,2016,1030089,128
NB108,2003,1051817,159
NB108,2002,1051817,159
NB109,2012,1068003,135
NB109,2008,1068003,135
NB109,2010,1068003,135
NB108,2005,1051817,159
NB109,2007,1068003,135
NB109,2009,1068003,135
NB109,2006,1068003,135
NB109,2002,1074786,135
NB110,2002,1051827,123
NB109,2003,1074786,135
NB110,2012,1051827,123
NB110,2004,1051827,123
NB110,2005,1051827,123
NB110,2006,1051827,123
NB110,2016,1051827,123
NB110,2007,1051827,123
NB110,2008,1051827,123
NB110,2013,1051827,123
NB110,2011,1051827,123
NB110,2015,1051827,123
NB110,2010,1051827,123
NB110,2014,1051827,123
NB110,2009,1051827,123
NB112,2009,1067861,138
NB112,2014,1067861,138
NB112,2008,1067861,138
NB112,2004,1077259,138
NB112,2006,1077259,138
NB112,2007,1077313,138
NB113,2011,1051849,128
NB113,2007,1051849,128
NB113,2013,1051849,128
NB113,2005,1051849,128
NB112,2003,1077259,138
NB113,2009,1051849,128
NB113,2012,1051849,128
NB113,2010,1051849,128
NB113,2015,1051849,128
NB113,2008,1051849,128
NB113,2014,1051849,128
NB063,2019,1074880,156
NB084,2019,1074880,156
NB008,2019,1074874,159
NB086,2019,1074868,190
NB010,2019,1074836,175
NB023,2019,1030368,146
NB080,2019,1051847,138
NB056,2019,1077272,124
NB081,2019,1079009,134
NB102,2019,1051811,197
NB101,2019,1051811,196
NB043,2019,1051811,208
NB036,2019,1051832,168
NB113,2019,1030060,128
NB001,2019,1054918,123
NB110,2003,1051827,123
NB097,2019,1081919,167
NB086,2018,1074868,190
NB075,2019,1079011,149
NB027,2019,1051826,125
NS036,2017,1032073,58
NS029,2017,1051828,64
NS025,2017,1030311,108
NS014,2017,1030340,83
NS016,2017,1051814,85
NS048,2017,1030079,51
NS003,2017,1030054,103
NS021,2017,1030049,75
NS035,2017,1031548,49
NS034,2017,1031548,49
NS049,2017,1031548,48
NS044,2017,1069217,46
NS026,2017,1032294,97
NS019,2017,1051816,63
NS019,2016,1051816,63
NS028,2017,1030104,65
NS039,2017,1051834,68
NS015,2017,1048652,95
NS027,2017,1077695,55
NS032,2017,1031008,66
NS017,2017,1051815,75
NS043,2017,1078945,38
NS043,2017,1078945,38
NS047,2017,1079012,59
NS022,2017,1074862,107
NS041,2017,1051836,50
NS013,2017,1031199,83
NS036,2018,1032073,58
NS025,2018,1030311,108
NS014,2018,1030340,83
NS017,2018,1051815,75
NS004,2017,1030340,84
NS032,2018,1031008,66
NS029,2018,1051828,64
NS027,2018,1077695,55
NS021,2018,1030049,75
NS004,2018,1030340,84
NS003,2018,1030340,103
NS037,2018,1079396,78
NS038,2018,1079396,78
NS026,2018,1079478,97
NS018,2018,1030162,63
NS030,2018,1051829,76
NS039,2018,1051834,68
NS046,2018,1077309,51
NS047,2018,1079012,59
NS015,2018,1048652,95
NS028,2018,1030104,65
NS028,2018,1030104,65
NS035,2018,1031548,49
NS049,2018,1031548,48
NS041,2018,1051836,50
NS053,2018,1078945,39
NS033,2018,1051814,66
NS044,2018,1069217,46
NS040,2018,1077838,58
NS020,2018,1080791,64
NS013,2018,1031199,83
NS029,2019,1051828,64
NS014,2019,1030340,83
NS023,2019,1081094,96
NS033,2019,1080982,66
NS025,2019,1030311,108
NS006,2019,1081121,82
NS036,2019,1032073,58
NS004,2019,1030340,84
NS037,2019,1079396,78
NS038,2019,1079396,78
NS047,2019,1079012,59
NS021,2019,1030049,75
NS026,2019,1079478,97
NS031,2019,1032652,77
NS053,2019,1078945,39
NS001,2011,1030340,94
NS001,2008,1030340,94
NS001,2012,1030340,94
NS001,2010,1030340,94
NS001,2003,1074860,94
NS001,2006,1077306,94
NS001,2004,1077306,94
NS001,2005,1077306,94
NS002,2014,1051808,92
NS002,2005,1074846,92
NS002,2006,1077304,92
NS003,2006,1030054,103
NS003,2010,1030054,103
NS003,2015,1030054,103
NS003,2002,1030054,103
NS003,2014,1030054,103
NS003,2013,1030054,103
NS003,2012,1030054,103
NS003,2005,1030054,103
NS003,2007,1030054,103
NS003,2009,1030054,103
NS003,2016,1030054,103
NS003,2008,1030054,103
NS003,2011,1077307,103
NS004,2016,1030340,84
NS004,2010,1030340,84
NS004,2009,1030340,84
NS004,2011,1030340,84
NS004,2012,1030340,84
NS004,2013,1030340,84
NS004,2005,1030340,84
NS004,2006,1030340,84
NS004,2007,1030340,84
NS004,2015,1030340,84
NS004,2014,1030340,84
NS004,2004,1030378,84
NS004,2003,1074849,84
NS004,2002,1074849,84
NS005,2003,1074854,83
NS005,2003,1074854,83
NS005,2002,1074854,83
NS005,2002,1074854,83
NS005,2005,1074888,83
NS005,2005,1074888,83
NS006,2014,1030355,82
NS006,2009,1030355,82
NS006,2010,1030355,82
NS006,2013,1030355,82
NS006,2011,1030355,82
NS006,2012,1030355,82
NS006,2006,1076859,82
NS006,2007,1076859,82
NS006,2003,1076859,82
NS006,2004,1076859,82
NS006,2005,1076859,82
NS006,2002,1076859,82
NS007,2007,1030054,82
NS007,2014,1030054,82
NS007,2009,1030054,82
NS007,2008,1030054,82
NS007,2011,1030054,82
NS007,2012,1030054,82
NS007,2010,1030054,82
NS007,2003,1030054,82
NS007,2013,1030054,82
NS007,2004,1030054,82
NS007,2002,1030054,82
NS007,2005,1030054,82
NS007,2006,1030054,82
NS008,2003,1074848,81
NS008,2002,1074848,81
NS009,2003,1074846,81
NS009,2003,1074846,81
NS009,2004,1074846,81
NS009,2004,1074846,81
NS009,2002,1074855,81
NS009,2002,1074855,81
NS010,2011,1031053,82
NS010,2010,1031053,82
NS010,2002,1074856,82
NS010,2003,1074858,82
NS011,2002,1045407,83
NS011,2004,1045407,83
NS012,2016,1031053,73
NS012,2010,1031053,73
NS012,2011,1031053,73
NS012,2012,1031053,73
NS012,2015,1031053,73
NS012,2014,1031053,73
NS012,2002,1074796,73
NS012,2003,1074859,73
NS013,2004,1031199,83
NS013,2014,1031199,83
NS013,2013,1031199,83
NS013,2007,1031199,83
NS013,2002,1031199,83
NS013,2010,1031199,83
NS013,2006,1031199,83
NS014,2016,1030340,83
NS014,2015,1030340,83
NS014,2013,1030340,83
NS014,2014,1030340,83
NS014,2011,1030340,83
NS014,2010,1030340,83
NS014,2008,1030340,83
NS014,2006,1030340,83
NS014,2007,1030340,83
NS014,2009,1030340,83
NS014,2005,1030340,83
NS014,2004,1030340,83
NS014,2003,1030340,83
NS014,2002,1030340,83
NS014,2012,1030340,83
NS015,2013,1048652,95
NS015,2012,1048652,95
NS015,2008,1048652,95
NS015,2016,1048652,95
NS015,2014,1048652,95
NS015,2009,1048652,95
NS015,2010,1048652,95
NS015,2007,1048652,95
NS015,2011,1048652,95
NS015,2004,1074787,95
NS015,2002,1074787,95
NS015,2005,1075492,95
NS015,2006,1075492,95
NS016,2015,1032285,85
NS016,2016,1032285,85
NS016,2014,1032285,85
NS016,2007,1051821,85
NS016,2002,1074775,85
NS016,2003,1074775,85
NS016,2004,1074775,85
NS017,2016,1051815,75
NS017,2014,1051815,75
NS017,2015,1051815,75
NS017,2006,1051821,75
NS017,2004,1051821,75
NS017,2007,1051821,75
NS017,2002,1074853,75
NS017,2003,1074853,75
NS018,2014,1030378,63
NS018,2009,1030378,63
NS018,2016,1030378,63
NS018,2013,1030378,63
NS018,2015,1030378,63
NS018,2005,1030378,63
NS018,2007,1030378,63
NS018,2006,1030378,63
NS018,2012,1030378,63
NS018,2003,1075492,63
NS018,2004,1075492,63
NS019,2004,1030104,63
NS019,2005,1030104,63
NS019,2003,1030104,63
NS019,2014,1051816,63
NS019,2011,1051816,63
NS019,2010,1051816,63
NS019,2012,1051816,63
NS019,2007,1051816,63
NS019,2009,1051816,63
NS019,2008,1051816,63
NS019,2006,1051816,63
NS020,2009,1030348,64
NS020,2014,1031030,64
NS020,2013,1031030,64
NS020,2015,1031030,64
NS020,2012,1031030,64
NS020,2016,1031030,64
NS020,2011,1031030,64
NS020,2010,1031030,64
NS020,2006,1077287,64
NS020,2004,1077287,64
NS020,2005,1077287,64
NS020,2002,1077287,64
NS020,2003,1077287,64
NS021,2009,1030049,75
NS021,2010,1030049,75
NS021,2015,1030049,75
NS021,2008,1030049,75
NS021,2013,1030049,75
NS021,2012,1030049,75
NS021,2002,1030049,75
NS021,2003,1030049,75
NS021,2004,1030049,75
NS021,2006,1030049,75
NS021,2007,1030049,75
NS021,2014,1030049,75
NS021,2016,1030049,75
NS021,2011,1030049,75
NS021,2005,1030049,75
NS022,2011,1051819,107
NS022,2005,1051819,107
NS022,2015,1051819,107
NS022,2003,1051819,107
NS022,2016,1074862,107
NS023,2008,1030110,96
NS023,2002,1051819,96
NS023,2005,1051819,96
NS023,2016,1053423,96
NS023,2015,1053423,96
NS023,2012,1074891,96
NS023,2011,1074891,96
NS024,2002,1031047,88
NS024,2002,1031047,88
NS024,2008,1031047,88
NS024,2008,1031047,88
NS024,2007,1031047,88
NS024,2007,1031047,88
NS024,2010,1031047,88
NS024,2010,1031047,88
NS024,2003,1031047,88
NS024,2003,1031047,88
NS024,2004,1031047,88
NS024,2004,1031047,88
NS024,2006,1031047,88
NS024,2006,1031047,88
NS025,2006,1030311,108
NS025,2007,1030311,108
NS025,2005,1030311,108
NS025,2009,1030311,108
NS025,2003,1030311,108
NS025,2002,1030311,108
NS025,2011,1030311,108
NS025,2013,1030311,108
NS025,2008,1030311,108
NS025,2016,1030311,108
NS025,2015,1030311,108
NS026,2003,1030068,97
NS026,2002,1030068,97
NS026,2007,1030068,97
NS026,2014,1030068,97
NS026,2012,1030068,97
NS026,2009,1030068,97
NS026,2008,1030068,97
NS026,2010,1030068,97
NS026,2016,1032294,97
NS026,2015,1032294,97
NS027,2015,1030104,55
NS027,2007,1030104,55
NS027,2005,1030104,55
NS027,2003,1030104,55
NS027,2016,1030104,55
NS027,2014,1030104,55
NS027,2008,1030104,55
NS027,2006,1030104,55
NS027,2010,1030104,55
NS027,2012,1030104,55
NS027,2013,1030104,55
NS027,2009,1030104,55
NS027,2004,1030104,55
NS027,2002,1076881,55
NS027,2011,1076881,55
NS028,2012,1030104,65
NS028,2010,1030104,65
NS028,2016,1030104,65
NS028,2013,1030104,65
NS028,2014,1030104,65
NS028,2005,1076881,65
NS028,2008,1076881,65
NS028,2009,1076881,65
NS028,2002,1076881,65
NS028,2006,1076881,65
NS028,2007,1076881,65
NS028,2011,1076881,65
NS028,2003,1076881,65
NS029,2005,1030069,64
NS029,2002,1030069,64
NS029,2004,1030069,64
NS029,2007,1030069,64
NS029,2009,1030069,64
NS029,2008,1030069,64
NS029,2003,1030069,64
NS029,2013,1051828,64
NS029,2015,1051828,64
NS029,2014,1051828,64
NS029,2016,1051828,64
NS029,2012,1074891,64
NS030,2009,1030339,76
NS030,2005,1051829,76
NS030,2007,1051829,76
NS030,2012,1051829,76
NS030,2011,1051829,76
NS030,2006,1051829,76
NS030,2016,1051829,76
NS030,2004,1051829,76
NS030,2010,1051829,76
NS030,2014,1051829,76
NS030,2002,1074842,76
NS031,2006,1051833,77
NS031,2002,1074847,77
NS031,2008,1077284,77
NS031,2014,1077284,77
NS031,2011,1077284,77
NS031,2012,1077284,77
NS031,2007,1077284,77
NS031,2015,1077284,77
NS031,2009,1077284,77
NS031,2010,1077284,77
NS031,2013,1077284,77
NS031,2016,1077284,77
NS032,2011,1031008,66
NS032,2012,1031008,66
NS032,2016,1031008,66
NS032,2014,1031008,66
NS032,2010,1031008,66
NS032,2009,1031008,66
NS032,2002,1077283,66
NS032,2006,1077283,66
NS032,2003,1077283,66
NS033,2005,1030071,66
NS033,2008,1030071,66
NS033,2007,1030071,66
NS033,2006,1030071,66
NS033,2002,1030071,66
NS033,2004,1030071,66
NS033,2003,1030071,66
NS033,2010,1030071,66
NS033,2016,1074872,66
NS034,2010,1030078,49
NS034,2004,1030078,49
NS034,2008,1030078,49
NS034,2007,1030078,49
NS034,2006,1030078,49
NS034,2003,1030078,49
NS034,2002,1030078,49
NS034,2014,1030401,49
NS034,2012,1030401,49
NS034,2015,1030401,49
NS034,2016,1030401,49
NS035,2008,1030401,49
NS035,2015,1030401,49
NS035,2007,1030401,49
NS035,2006,1030401,49
NS035,2005,1030401,49
NS035,2004,1030401,49
NS035,2003,1030401,49
NS035,2002,1030401,49
NS035,2009,1030401,49
NS035,2013,1030401,49
NS035,2010,1030401,49
NS035,2014,1030401,49
NS035,2012,1030401,49
NS035,2011,1030401,49
NS035,2016,1030401,49
NS036,2010,1030966,58
NS036,2015,1030966,58
NS036,2012,1030966,58
NS036,2002,1030966,58
NS036,2008,1030966,58
NS036,2014,1030966,58
NS036,2007,1030966,58
NS036,2016,1030966,58
NS036,2006,1030966,58
NS036,2005,1030966,58
NS036,2004,1030966,58
NS036,2003,1030966,58
NS036,2013,1030966,58
NS037,2008,1030075,78
NS037,2015,1030075,78
NS037,2014,1051833,78
NS037,2013,1051833,78
NS037,2010,1051833,78
NS037,2016,1051833,78
NS037,2009,1051833,78
NS037,2012,1051833,78
NS037,2011,1051833,78
NS037,2007,1051833,78
NS037,2002,1076884,78
NS037,2003,1076884,78
NS037,2005,1076884,78
NS037,2006,1076884,78
NS037,2004,1076884,78
NS038,2005,1031008,78
NS038,2002,1031008,78
NS038,2006,1031008,78
NS038,2008,1031008,78
NS038,2003,1031008,78
NS038,2013,1043873,78
NS038,2014,1043873,78
NS038,2015,1074877,78
NS039,2012,1051834,68
NS039,2014,1051834,68
NS039,2008,1051834,68
NS039,2003,1051834,68
NS039,2007,1051834,68
NS039,2006,1051834,68
NS039,2009,1051834,68
NS039,2005,1051834,68
NS039,2004,1051834,68
NS039,2015,1051834,68
NS039,2010,1051834,68
NS039,2011,1051834,68
NS039,2002,1074793,68
NS040,2008,1030336,58
NS040,2006,1030336,58
NS040,2005,1030336,58
NS040,2004,1030336,58
NS040,2003,1030336,58
NS040,2012,1030336,58
NS040,2007,1030336,58
NS040,2009,1030336,58
NS040,2013,1030336,58
NS040,2011,1030336,58
NS040,2010,1030336,58
NS040,2015,1051835,58
NS040,2016,1051835,58
NS040,2014,1051835,58
NS040,2002,1074850,58
NS041,2009,1051836,50
NS041,2011,1051836,50
NS041,2010,1051836,50
NS041,2008,1077286,50
NS041,2015,1077286,50
NS041,2013,1077286,50
NS041,2016,1077286,50
NS041,2003,1077286,50
NS041,2014,1077286,50
NS041,2005,1077286,50
NS041,2006,1077286,50
NS041,2007,1077286,50
NS041,2012,1077286,50
NS041,2002,1077286,50
NS042,2007,1032685,44
NS042,2006,1032685,44
NS043,2002,1032685,38
NS043,2002,1032685,38
NS043,2007,1032685,38
NS043,2007,1032685,38
NS043,2010,1032685,38
NS043,2010,1032685,38
NS043,2003,1032685,38
NS043,2003,1032685,38
NS044,2012,1030375,46
NS044,2009,1030375,46
NS044,2011,1030375,46
NS044,2008,1030375,46
NS044,2010,1030375,46
NS044,2016,1069217,46
NS044,2002,1074851,46
NS044,2003,1074851,46
NS044,2004,1074851,46
NS046,2010,1031055,51
NS046,2005,1074851,51
NS046,2002,1074852,51
NS046,2007,1077309,51
NS047,2006,1051838,59
NS047,2009,1051838,59
NS047,2007,1051838,59
NS047,2005,1051838,59
NS047,2010,1051838,59
NS047,2012,1051838,59
NS047,2002,1074857,59
NS048,2009,1030079,51
NS048,2006,1030079,51
NS048,2012,1030079,51
NS048,2005,1030079,51
NS048,2013,1030079,51
NS048,2007,1030079,51
NS048,2016,1030079,51
NS048,2008,1030079,51
NS048,2014,1030079,51
NS048,2010,1030079,51
NS048,2004,1074790,51
NS048,2002,1074840,51
NS049,2007,1030336,48
NS049,2006,1030336,48
NS049,2005,1030336,48
NS049,2015,1030401,48
NS049,2012,1030401,48
NS049,2013,1030401,48
NS049,2011,1030401,48
NS049,2016,1030401,48
NS049,2009,1030401,48
NS049,2008,1030401,48
NS049,2014,1030401,48
NS049,2010,1030401,48
NS049,2002,1074838,48
NS050,2005,1045407,93
NS050,2005,1045407,93
NS050,2004,1045407,93
NS050,2004,1045407,93
NS050,2006,1045407,93
NS050,2006,1045407,93
NS050,2012,1051840,93
NS050,2012,1051840,93
NS050,2010,1051840,93
NS050,2010,1051840,93
NS051,2005,1074866,56
NS051,2005,1074866,56
NS052,2010,1081635,37
NS052,2009,1081635,37
NS015,2019,1048652,95
NS017,2019,1051815,75
NS030,2019,1051829,76
NS019,2018,1051816,63
NS019,2019,1051816,63
NS027,2019,1077695,55
NS028,2019,1030104,65
NS035,2019,1031548,49
NS018,2019,1030162,63
NS040,2019,1077838,58
NS046,2019,1077309,51
NS039,2019,1051834,68
NS034,2019,1031548,49
NS049,2019,1031548,48
NS020,2019,1080791,64
NS044,2019,1069217,46
PE012,2017,1030087,10
PE013,2017,1032146,10
PE014,2017,1046571,4
PE016,2017,1077300,3
PE018,2017,1046572,4
PE019,2017,1046565,4
PE020,2017,1046577,10
PE024,2017,1030101,4
PE006,2017,1074878,11
PE009,2017,1046566,6
PE010,2017,1079024,6
PE011,2017,1046568,6
PE005,2017,1079023,12
PE003,2017,1079025,11
PE017,2017,1079026,7
PE022,2017,1079027,4
PE023,2017,1079024,4
PE015,2017,1079022,4
PE021,2017,1079029,4
PE001,2018,1074598,16
PE002,2018,1077298,11
PE003,2018,1079025,11
PE004,2018,1079020,11
PE005,2018,1079023,12
PE006,2018,1074878,11
PE007,2018,1077320,7
PE008,2018,1030097,6
PE009,2018,1046566,6
PE010,2018,1077325,6
PE011,2018,1046568,6
PE012,2018,1046569,10
PE014,2018,1077277,4
PE015,2018,1079022,4
PE016,2018,1030101,3
PE017,2018,1079024,7
PE018,2018,1077323,4
PE019,2018,1077292,4
PE020,2018,1042335,10
PE022,2018,1079027,4
PE023,2018,1079026,4
PE024,2018,1030101,4
PE001,2016,1074878,16
PE001,2005,1077276,16
PE001,2006,1077276,16
PE001,2001,1077276,16
PE001,2002,1077276,16
PE001,2008,1077276,16
PE001,2010,1077276,16
PE001,2007,1077276,16
PE001,2009,1077276,16
PE001,2004,1077298,16
PE001,2013,1077298,16
PE001,2012,1077298,16
PE001,2014,1081650,16
PE002,2004,1074884,11
PE002,2005,1074884,11
PE002,2006,1077294,11
PE002,2015,1077298,11
PE002,2016,1077298,11
PE002,2013,1077298,11
PE002,2014,1077298,11
PE002,2010,1077298,11
PE002,2011,1077298,11
PE002,2012,1077298,11
PE002,2007,1077299,11
PE002,2008,1077317,11
PE002,2009,1077324,11
PE003,2013,1077005,11
PE003,2015,1077005,11
PE003,2014,1077005,11
PE003,2012,1077005,11
PE003,2007,1077278,11
PE003,2001,1077278,11
PE003,2006,1077278,11
PE003,2002,1077278,11
PE003,2010,1077298,11
PE003,2016,1079023,11
PE004,2001,1074832,11
PE004,2003,1074883,11
PE004,2002,1074883,11
PE004,2006,1077299,11
PE004,2007,1077315,11
PE004,2016,1077320,11
PE004,2014,1077320,11
PE004,2015,1077320,11
PE004,2013,1077320,11
PE004,2009,1077320,11
PE004,2011,1077320,11
PE004,2010,1077320,11
PE004,2012,1077320,11
PE004,2008,1077320,11
PE005,2012,1030087,12
PE005,2011,1074892,12
PE005,2001,1077038,12
PE005,2003,1077038,12
PE005,2004,1077038,12
PE005,2006,1077038,12
PE005,2002,1077038,12
PE005,2007,1077295,12
PE005,2009,1077295,12
PE005,2008,1077310,12
PE005,2010,1077310,12
PE005,2015,1079024,12
PE005,2016,1079024,12
PE005,2013,1079029,12
PE005,2014,1081547,12
PE006,2015,1074878,11
PE006,2016,1074878,11
PE006,2007,1077279,11
PE006,2005,1077279,11
PE006,2004,1077279,11
PE006,2003,1077279,11
PE006,2001,1077279,11
PE006,2009,1077321,11
PE006,2008,1077321,11
PE006,2011,1077321,11
PE006,2010,1077321,11
PE006,2013,1079024,11
PE006,2012,1079029,11
PE006,2014,1081651,11
PE007,2011,1030087,7
PE007,2009,1030087,7
PE007,2015,1030087,7
PE007,2012,1030087,7
PE007,2010,1030087,7
PE007,2013,1030087,7
PE007,2016,1030087,7
PE007,2007,1077280,7
PE007,2006,1077280,7
PE007,2005,1077280,7
PE007,2001,1077280,7
PE007,2008,1077322,7
PE008,2013,1046566,6
PE008,2011,1077277,6
PE008,2005,1077281,6
PE008,2004,1077281,6
PE008,2003,1077281,6
PE008,2002,1077281,6
PE008,2001,1077281,6
PE008,2008,1077292,6
PE008,2007,1077316,6
PE008,2014,1079024,6
PE008,2016,1079024,6
PE008,2015,1079024,6
PE008,2010,1081649,6
PE009,2015,1046566,6
PE009,2011,1046566,6
PE009,2014,1046566,6
PE009,2008,1046566,6
PE009,2012,1046566,6
PE009,2002,1046566,6
PE009,2009,1046566,6
PE009,2010,1046566,6
PE009,2001,1046566,6
PE009,2007,1046566,6
PE009,2016,1046566,6
PE009,2003,1046566,6
PE009,2004,1046566,6
PE009,2006,1046566,6
PE009,2013,1046566,6
PE009,2005,1077278,6
PE010,2010,1030087,6
PE010,2013,1030087,6
PE010,2003,1074827,6
PE010,2001,1074827,6
PE010,2002,1074827,6
PE010,2011,1074865,6
PE010,2006,1077296,6
PE010,2005,1077296,6
PE010,2007,1077296,6
PE010,2008,1077296,6
PE010,2004,1077296,6
PE010,2009,1077324,6
PE010,2016,1079024,6
PE010,2015,1079024,6
PE011,2001,1074780,6
PE011,2014,1077289,6
PE011,2016,1077289,6
PE011,2013,1077289,6
PE011,2015,1077289,6
PE011,2004,1077289,6
PE011,2010,1077289,6
PE011,2003,1077289,6
PE011,2005,1077289,6
PE011,2006,1077289,6
PE011,2008,1077289,6
PE011,2007,1077289,6
PE011,2011,1077289,6
PE011,2002,1077289,6
PE011,2009,1077289,6
PE011,2012,1077289,6
PE012,2014,1030087,10
PE012,2003,1074885,10
PE012,2015,1077290,10
PE012,2005,1077290,10
PE012,2002,1077290,10
PE012,2016,1077290,10
PE012,2007,1077290,10
PE012,2009,1077290,10
PE012,2008,1077290,10
PE012,2012,1077290,10
PE012,2013,1077290,10
PE013,2016,1030087,10
PE013,2005,1076812,10
PE013,2002,1076812,10
PE013,2001,1076812,10
PE013,2004,1076812,10
PE013,2013,1076891,10
PE013,2008,1076891,10
PE013,2010,1076891,10
PE013,2012,1076891,10
PE013,2009,1076891,10
PE013,2011,1076891,10
PE013,2014,1076891,10
PE013,2007,1077281,10
PE014,2009,1077277,4
PE014,2010,1077277,4
PE014,2015,1077277,4
PE014,2011,1077277,4
PE014,2006,1077277,4
PE014,2014,1077277,4
PE014,2016,1077277,4
PE014,2007,1077277,4
PE014,2008,1077277,4
PE014,2005,1077277,4
PE014,2004,1077277,4
PE014,2003,1077277,4
PE014,2013,1077277,4
PE014,2001,1077277,4
PE015,2004,1074828,4
PE015,2001,1074828,4
PE015,2003,1074828,4
PE015,2005,1077038,4
PE015,2006,1077038,4
PE015,2007,1077038,4
PE015,2016,1077038,4
PE015,2010,1077323,4
PE015,2013,1077323,4
PE015,2012,1077323,4
PE015,2008,1077323,4
PE015,2009,1077323,4
PE015,2014,1079022,4
PE015,2015,1079022,4
PE016,2001,1074830,3
PE016,2002,1074830,3
PE016,2013,1077282,3
PE016,2015,1077282,3
PE016,2010,1077282,3
PE016,2007,1077282,3
PE016,2006,1077282,3
PE016,2005,1077282,3
PE016,2004,1077282,3
PE016,2003,1077282,3
PE016,2011,1077282,3
PE016,2016,1077282,3
PE016,2008,1077282,3
PE016,2014,1077282,3
PE017,2001,1074831,7
PE017,2002,1074831,7
PE017,2003,1074831,7
PE017,2011,1074893,7
PE017,2005,1076891,7
PE017,2006,1077281,7
PE017,2012,1077297,7
PE017,2013,1077297,7
PE017,2010,1077297,7
PE017,2009,1077297,7
PE017,2008,1077297,7
PE017,2015,1077323,7
PE017,2014,1077323,7
PE017,2016,1077323,7
PE018,2001,1074829,4
PE018,2002,1074829,4
PE018,2004,1074829,4
PE018,2007,1077264,4
PE018,2010,1077319,4
PE018,2009,1077319,4
PE018,2011,1077319,4
PE018,2013,1081645,4
PE018,2015,1081645,4
PE019,2008,1030087,4
PE019,2004,1074843,4
PE019,2003,1074843,4
PE019,2002,1074843,4
PE019,2001,1074843,4
PE019,2009,1077264,4
PE019,2005,1077264,4
PE019,2006,1077264,4
PE019,2013,1077292,4
PE019,2015,1077292,4
PE019,2011,1077292,4
PE019,2012,1077292,4
PE019,2016,1077292,4
PE019,2010,1077292,4
PE020,2001,1042335,10
PE020,2011,1042335,10
PE020,2014,1042335,10
PE020,2012,1042335,10
PE020,2013,1042335,10
PE020,2007,1042335,10
PE020,2006,1042335,10
PE020,2004,1042335,10
PE020,2003,1042335,10
PE020,2008,1042335,10
PE020,2015,1042335,10
PE020,2010,1042335,10
PE020,2016,1042335,10
PE021,2012,1046578,4
PE021,2010,1046578,4
PE021,2009,1046578,4
PE021,2008,1046578,4
PE021,2003,1074886,4
PE021,2011,1074894,4
PE021,2001,1077291,4
PE021,2006,1077291,4
PE021,2004,1077291,4
PE021,2005,1077291,4
PE021,2002,1077291,4
PE021,2007,1077300,4
PE021,2015,1077325,4
PE021,2016,1077325,4
PE021,2013,1081646,4
PE021,2014,1081646,4
PE022,2008,1030063,4
PE022,2010,1030063,4
PE022,2009,1030063,4
PE022,2001,1030087,4
PE022,2002,1030087,4
PE022,2003,1030087,4
PE022,2004,1030087,4
PE022,2005,1030087,4
PE022,2006,1030087,4
PE022,2016,1074895,4
PE022,2013,1074895,4
PE022,2015,1074895,4
PE022,2011,1074895,4
PE022,2012,1074895,4
PE022,2014,1081648,4
PE023,2006,1030063,4
PE023,2001,1074792,4
PE023,2003,1074887,4
PE023,2005,1074887,4
PE023,2004,1074887,4
PE023,2011,1074896,4
PE023,2007,1077319,4
PE023,2008,1077319,4
PE023,2009,1077325,4
PE023,2013,1079024,4
PE023,2014,1079029,4
PE023,2015,1079029,4
PE023,2016,1079029,4
PE023,2010,1081643,4
PE024,2010,1030101,4
PE024,2011,1030101,4
PE024,2008,1030101,4
PE024,2016,1030101,4
PE024,2014,1030101,4
PE024,2007,1030101,4
PE024,2012,1030101,4
PE024,2003,1030101,4
PE024,2015,1030101,4
PE024,2002,1030101,4
PE024,2006,1030101,4
PE024,2005,1030101,4
PE024,2004,1030101,4
PE024,2013,1030101,4
PE001,2019,1074598,16
PE002,2019,1077298,11
PE004,2019,1079020,11
PE006,2019,1074878,11
PE007,2019,1077320,7
PE008,2019,1074598,6
PE009,2019,1046566,6
PE010,2019,1079024,6
PE011,2019,1046568,6
PE012,2019,1046569,10
PE013,2019,1032146,10
PE014,2019,1077277,4
PE018,2019,1077323,4
PE019,2019,1077292,4
PE020,2019,1042335,10
PE021,2019,1074598,4
PE022,2019,1079027,4
PE023,2019,1074598,4
PE024,2019,1030101,4
