"","RouteIdentifier","survey_year","CollectorNumber","nstop","StateProvince","latitude","longitude","bcr"
"1","NB054",2017,1030073,10,"NB",45.635021,-65.799431,14
"2","NB002",2017,1068489,10,"NB",45.428169,-67.25354,14
"3","NB017",2017,1030056,10,"NB",47.50716,-66.730118,14
"4","NB041",2017,1030056,10,"NB",47.581829,-65.983437,14
"5","NB039",2017,1032147,10,"NB",47.392651,-66.396172,14
"6","NB073",2017,1030070,10,"NB",47.140171,-66.10675,14
"7","NB046",2017,1030405,10,"NB",47.003391,-65.729599,14
"8","NB094",2017,1030122,10,"NB",47.494469,-68.010223,14
"9","NB009",2017,1030122,10,"NB",47.131859,-67.702629,14
"10","NB096",2017,1030122,10,"NB",47.223049,-67.615608,14
"11","NB031",2017,1051830,10,"NB",45.433811,-66.235718,14
"12","NB083",2017,1030122,10,"NB",47.32552,-67.696198,14
"13","NB052",2017,1030370,10,"NB",45.643917,-65.220749,14
"14","NB030",2017,1051830,10,"NB",45.502789,-66.049187,14
"15","NB029",2017,1074875,10,"NB",44.795071,-66.784279,14
"16","NB038",2017,1030372,10,"NB",47.00177,-66.272743,14
"17","NB060",2017,1077609,10,"NB",46.246399,-64.928947,14
"18","NB053",2017,1030085,10,"NB",45.627781,-65.745689,14
"19","NB023",2017,1030368,10,"NB",46.197189,-66.927391,14
"20","NB080",2017,1051847,10,"NB",45.77499,-66.089348,14
"21","NB085",2016,1077263,10,"NB",47.677151,-65.395126,14
"22","NB113",2017,1051849,10,"NB",45.590519,-65.448608,14
"23","NB113",2016,1051849,10,"NB",45.590519,-65.448608,14
"24","NB061",2016,1030081,10,"NB",46.124191,-64.967979,14
"25","NB001",2017,1054918,10,"NB",45.449188,-67.441971,14
"26","NB003",2017,1074890,8,"NB",45.76347,-67.470863,14
"27","NB043",2017,1051811,10,"NB",47.945751,-66.409889,14
"28","NB102",2017,1051811,10,"NB",47.62822,-66.41906,14
"29","NB101",2017,1051811,10,"NB",47.566559,-66.788422,14
"30","NB110",2017,1051827,9,"NB",45.250099,-67.157402,14
"31","NB033",2017,1030374,10,"NB",45.94017,-66.153267,14
"32","NB028",2017,1051827,10,"NB",45.17017,-66.920609,14
"33","NB070",2017,1051844,10,"NB",46.170448,-64.42466,14
"34","NB036",2017,1051832,10,"NB",46.868752,-66.026222,14
"35","NB063",2017,1074880,9,"NB",46.535622,-64.734291,14
"36","NB062",2017,1030030,10,"NB",46.18676,-64.690002,14
"37","NB006",2017,1074874,10,"NB",46.258041,-67.262787,14
"38","NB079",2017,1051810,10,"NB",46.315281,-67.599113,14
"39","NB076",2017,1079011,10,"NB",46.018532,-65.710899,14
"40","NB081",2017,1079009,10,"NB",45.788891,-65.496498,14
"41","NB056",2017,1077272,10,"NB",45.268333,-65.73333,14
"42","NB084",2017,1074880,9,"NB",46.642231,-64.957657,14
"43","NB069",2017,1030041,10,"NB",45.99474,-64.298698,14
"44","NB045",2017,1051811,9,"NB",47.516628,-65.723572,14
"45","NB068",2017,1051843,10,"NB",45.764889,-64.489998,14
"46","NB009",2018,1030122,10,"NB",47.131859,-67.702629,14
"47","NB075",2018,1079011,10,"NB",46.36808,-65.497643,14
"48","NB008",2018,1074874,10,"NB",46.51086,-67.346329,14
"49","NB070",2018,1051844,10,"NB",46.170448,-64.42466,14
"50","NB054",2018,1030073,10,"NB",45.635021,-65.799431,14
"51","NB037",2018,1030372,10,"NB",46.82272,-66.113564,14
"52","NB073",2018,1030070,10,"NB",47.140171,-66.10675,14
"53","NB041",2018,1030056,10,"NB",47.581829,-65.983437,14
"54","NB069",2018,1030051,10,"NB",45.99474,-64.298698,14
"55","NB039",2018,1032147,10,"NB",47.392651,-66.396172,14
"56","NB036",2018,1051832,10,"NB",46.868752,-66.026222,14
"57","NB023",2018,1030368,10,"NB",46.197189,-66.927391,14
"58","NB080",2018,1051847,10,"NB",45.77499,-66.089348,14
"59","NB028",2018,1051827,7,"NB",45.17017,-66.920609,14
"60","NB056",2018,1046609,10,"NB",45.268333,-65.73333,14
"61","NB094",2018,1030122,10,"NB",47.494469,-68.010223,14
"62","NB096",2018,1030122,10,"NB",47.223049,-67.615608,14
"63","NB063",2018,1074880,10,"NB",46.535622,-64.734291,14
"64","NB046",2018,1030405,10,"NB",47.003391,-65.729599,14
"65","NB001",2018,1054918,10,"NB",45.449188,-67.441971,14
"66","NB025",2018,1030464,10,"NB",45.653751,-66.74337,14
"67","NB101",2018,1051811,10,"NB",47.566559,-66.788422,14
"68","NB085",2018,1077263,10,"NB",47.677151,-65.395126,14
"69","NB043",2018,1077268,10,"NB",47.945751,-66.409889,14
"70","NB102",2018,1051811,10,"NB",47.62822,-66.41906,14
"71","NB081",2018,1079009,10,"NB",45.788891,-65.496498,14
"72","NB061",2018,1030081,10,"NB",46.124191,-64.967979,14
"73","NB104",2017,1044071,10,"NB",46.13641,-66.297539,14
"74","NB038",2018,1030372,10,"NB",47.00177,-66.272743,14
"75","NB113",2018,1030060,10,"NB",45.590519,-65.448608,14
"76","NB104",2018,1044071,10,"NB",46.13641,-66.297539,14
"77","NB057",2017,1030089,10,"NB",45.534111,-65.517372,14
"78","NB053",2018,1030085,10,"NB",45.627781,-65.745689,14
"79","NB083",2018,1030122,10,"NB",47.32552,-67.696198,14
"80","NB030",2018,1051830,10,"NB",45.502789,-66.049187,14
"81","NB033",2018,1081240,10,"NB",45.94017,-66.153267,14
"82","NB070",2019,1043244,10,"NB",46.170448,-64.42466,14
"83","NB031",2018,1051830,10,"NB",45.433811,-66.235718,14
"84","NB017",2019,1030056,10,"NB",47.50716,-66.730118,14
"85","NB041",2019,1030056,10,"NB",47.581829,-65.983437,14
"86","NB026",2018,1079129,3,"NB",45.750542,-66.915161,14
"87","NB060",2019,1081183,10,"NB",46.246399,-64.928947,14
"88","NB026",2019,1079129,10,"NB",45.750542,-66.915161,14
"89","NB052",2019,1030370,10,"NB",45.643917,-65.220749,14
"90","NB013",2019,1081262,10,"NB",47.586948,-68.234589,14
"91","NB033",2019,1081240,8,"NB",45.94017,-66.153267,14
"92","NB073",2019,1030070,10,"NB",47.140171,-66.10675,14
"93","NB006",2019,1078366,10,"NB",46.258041,-67.262787,14
"94","NB068",2018,1051843,10,"NB",45.764889,-64.489998,14
"95","NB039",2019,1032147,10,"NB",47.392651,-66.396172,14
"96","NB046",2019,1030405,10,"NB",47.003391,-65.729599,14
"97","NB037",2019,1030372,10,"NB",46.82272,-66.113564,14
"98","NB062",2019,1053423,8,"NB",46.18676,-64.690002,14
"99","NB061",2019,1032461,10,"NB",46.124191,-64.967979,14
"100","NB054",2019,1081148,10,"NB",45.635021,-65.799431,14
"101","NB038",2019,1030372,10,"NB",47.00177,-66.272743,14
"102","NB029",2019,1081392,10,"NB",44.795071,-66.784279,14
"103","NB030",2019,1051830,10,"NB",45.502789,-66.049187,14
"104","NB096",2019,1030122,10,"NB",47.223049,-67.615608,14
"105","NB110",2019,1051827,9,"NB",45.250099,-67.157402,14
"106","NB001",2003,1030403,10,"NB",45.449188,-67.441971,14
"107","NB001",2010,1030403,10,"NB",45.449188,-67.441971,14
"108","NB028",2019,1051827,10,"NB",45.17017,-66.920609,14
"109","NB009",2019,1030122,10,"NB",47.131859,-67.702629,14
"110","NB001",2002,1030403,10,"NB",45.449188,-67.441971,14
"111","NB001",2011,1030403,10,"NB",45.449188,-67.441971,14
"112","NB001",2005,1030403,10,"NB",45.449188,-67.441971,14
"113","NB068",2019,1051843,10,"NB",45.764889,-64.489998,14
"114","NB001",2009,1030403,10,"NB",45.449188,-67.441971,14
"115","NB001",2006,1030403,10,"NB",45.449188,-67.441971,14
"116","NB001",2007,1030403,10,"NB",45.449188,-67.441971,14
"117","NB001",2012,1032146,10,"NB",45.449188,-67.441971,14
"118","NB078",2019,1081351,10,"NB",45.86451,-66.618958,14
"119","NB002",2001,1051827,10,"NB",45.428169,-67.25354,14
"120","NB002",2002,1074834,10,"NB",45.428169,-67.25354,14
"121","NB002",2003,1077261,10,"NB",45.428169,-67.25354,14
"122","NB069",2019,1030051,10,"NB",45.99474,-64.298698,14
"123","NB002",2011,1077261,10,"NB",45.428169,-67.25354,14
"124","NB002",2013,1077261,10,"NB",45.428169,-67.25354,14
"125","NB002",2005,1077261,10,"NB",45.428169,-67.25354,14
"126","NB002",2009,1077261,10,"NB",45.428169,-67.25354,14
"127","NB002",2014,1077261,10,"NB",45.428169,-67.25354,14
"128","NB002",2015,1077269,10,"NB",45.428169,-67.25354,14
"129","NB003",2002,1074861,10,"NB",45.76347,-67.470863,14
"130","NB003",2013,1074890,10,"NB",45.76347,-67.470863,14
"131","NB003",2015,1074890,10,"NB",45.76347,-67.470863,14
"132","NB003",2007,1077307,10,"NB",45.76347,-67.470863,14
"133","NB001",2008,1030403,10,"NB",45.449188,-67.441971,14
"134","NB004",2015,1030390,10,"NB",45.621239,-67.429367,14
"135","NB004",2014,1030390,10,"NB",45.621239,-67.429367,14
"136","NB004",2001,1030390,10,"NB",45.621239,-67.429367,14
"137","NB001",2015,1054918,10,"NB",45.449188,-67.441971,14
"138","NB004",2009,1030390,10,"NB",45.621239,-67.429367,14
"139","NB004",2004,1030390,10,"NB",45.621239,-67.429367,14
"140","NB004",2016,1030390,10,"NB",45.621239,-67.429367,14
"141","NB004",2007,1030390,10,"NB",45.621239,-67.429367,14
"142","NB004",2005,1030390,10,"NB",45.621239,-67.429367,14
"143","NB005",2009,1075571,10,"NB",46.264137,-67.447609,14
"144","NB005",2011,1075571,10,"NB",46.264137,-67.447609,14
"145","NB005",2010,1075571,10,"NB",46.264137,-67.447609,14
"146","NB005",2006,1075571,10,"NB",46.264137,-67.447609,14
"147","NB005",2003,1075571,10,"NB",46.264137,-67.447609,14
"148","NB005",2001,1075571,10,"NB",46.264137,-67.447609,14
"149","NB005",2004,1075571,10,"NB",46.264137,-67.447609,14
"150","NB006",2001,1074819,10,"NB",46.258041,-67.262787,14
"151","NB006",2016,1074874,10,"NB",46.258041,-67.262787,14
"152","NB003",2016,1074890,8,"NB",45.76347,-67.470863,14
"153","NB002",2016,1074873,10,"NB",45.428169,-67.25354,14
"154","NB003",2005,1077307,10,"NB",45.76347,-67.470863,14
"155","NB004",2008,1030390,10,"NB",45.621239,-67.429367,14
"156","NB002",2012,1077261,7,"NB",45.428169,-67.25354,14
"157","NB006",2014,1074874,10,"NB",46.258041,-67.262787,14
"158","NB006",2003,1075571,10,"NB",46.258041,-67.262787,14
"159","NB004",2011,1030390,10,"NB",45.621239,-67.429367,14
"160","NB004",2010,1030390,10,"NB",45.621239,-67.429367,14
"161","NB006",2011,1075571,10,"NB",46.258041,-67.262787,14
"162","NB006",2004,1075571,10,"NB",46.258041,-67.262787,14
"163","NB006",2005,1075571,10,"NB",46.258041,-67.262787,14
"164","NB006",2009,1075571,10,"NB",46.258041,-67.262787,14
"165","NB007",2001,1074776,10,"NB",46.69809,-67.55376,14
"166","NB007",2003,1074776,10,"NB",46.69809,-67.55376,14
"167","NB005",2005,1075571,10,"NB",46.264137,-67.447609,14
"168","NB007",2002,1074776,10,"NB",46.69809,-67.55376,14
"169","NB005",2002,1075571,10,"NB",46.264137,-67.447609,14
"170","NB007",2006,1077302,10,"NB",46.69809,-67.55376,14
"171","NB008",2001,1077285,10,"NB",46.51086,-67.346329,14
"172","NB008",2009,1077285,9,"NB",46.51086,-67.346329,14
"173","NB008",2007,1077285,9,"NB",46.51086,-67.346329,14
"174","NB001",2013,1032146,10,"NB",45.449188,-67.441971,14
"175","NB006",2015,1074874,10,"NB",46.258041,-67.262787,14
"176","NB006",2013,1074898,10,"NB",46.258041,-67.262787,14
"177","NB004",2002,1030390,10,"NB",45.621239,-67.429367,14
"178","NB008",2006,1077285,9,"NB",46.51086,-67.346329,14
"179","NB008",2005,1077285,10,"NB",46.51086,-67.346329,14
"180","NB008",2003,1077285,8,"NB",46.51086,-67.346329,14
"181","NB009",2002,1030122,10,"NB",47.131859,-67.702629,14
"182","NB009",2003,1030122,10,"NB",47.131859,-67.702629,14
"183","NB006",2002,1075571,10,"NB",46.258041,-67.262787,14
"184","NB009",2008,1030122,10,"NB",47.131859,-67.702629,14
"185","NB009",2005,1030122,10,"NB",47.131859,-67.702629,14
"186","NB009",2006,1030122,10,"NB",47.131859,-67.702629,14
"187","NB006",2007,1075571,10,"NB",46.258041,-67.262787,14
"188","NB006",2010,1075571,10,"NB",46.258041,-67.262787,14
"189","NB009",2007,1030122,10,"NB",47.131859,-67.702629,14
"190","NB009",2012,1030122,10,"NB",47.131859,-67.702629,14
"191","NB009",2015,1030122,10,"NB",47.131859,-67.702629,14
"192","NB009",2010,1030122,10,"NB",47.131859,-67.702629,14
"193","NB009",2009,1030122,10,"NB",47.131859,-67.702629,14
"194","NB008",2012,1074897,10,"NB",46.51086,-67.346329,14
"195","NB008",2010,1077285,10,"NB",46.51086,-67.346329,14
"196","NB009",2014,1030122,10,"NB",47.131859,-67.702629,14
"197","NB010",2010,1030030,7,"NB",47.144939,-67.242104,14
"198","NB010",2001,1074815,10,"NB",47.144939,-67.242104,14
"199","NB004",2013,1030390,6,"NB",45.621239,-67.429367,14
"200","NB010",2004,1074836,10,"NB",47.144939,-67.242104,14
"201","NB011",2009,1051811,10,"NB",47.50341,-67.254967,14
"202","NB011",2008,1051811,10,"NB",47.50341,-67.254967,14
"203","NB011",2007,1051811,10,"NB",47.50341,-67.254967,14
"204","NB011",2006,1051811,10,"NB",47.50341,-67.254967,14
"205","NB011",2002,1051811,10,"NB",47.50341,-67.254967,14
"206","NB011",2001,1051811,10,"NB",47.50341,-67.254967,14
"207","NB011",2003,1051811,10,"NB",47.50341,-67.254967,14
"208","NB012",2004,1030122,10,"NB",47.598701,-67.344032,14
"209","NB013",2003,1030122,9,"NB",47.586948,-68.234589,14
"210","NB013",2005,1030122,7,"NB",47.586948,-68.234589,14
"211","NB013",2006,1030122,9,"NB",47.586948,-68.234589,14
"212","NB013",2009,1030122,10,"NB",47.586948,-68.234589,14
"213","NB013",2002,1074835,9,"NB",47.586948,-68.234589,14
"214","NB014",2003,1030122,10,"NB",47.41787,-68.416763,14
"215","NB014",2004,1030122,9,"NB",47.41787,-68.416763,14
"216","NB014",2001,1074783,9,"NB",47.41787,-68.416763,14
"217","NB011",2005,1051811,10,"NB",47.50341,-67.254967,14
"218","NB014",2002,1074823,9,"NB",47.41787,-68.416763,14
"219","NB015",2002,1074808,10,"NB",47.99182,-66.85054,14
"220","NB011",2016,1051811,7,"NB",47.50341,-67.254967,14
"221","NB011",2004,1051811,10,"NB",47.50341,-67.254967,14
"222","NB008",2002,1077285,10,"NB",46.51086,-67.346329,14
"223","NB015",2008,1077271,10,"NB",47.99182,-66.85054,14
"224","NB015",2006,1077271,10,"NB",47.99182,-66.85054,14
"225","NB015",2010,1077271,10,"NB",47.99182,-66.85054,14
"226","NB015",2005,1077271,10,"NB",47.99182,-66.85054,14
"227","NB015",2007,1077271,10,"NB",47.99182,-66.85054,14
"228","NB015",2016,1077271,7,"NB",47.99182,-66.85054,14
"229","NB016",2013,1051811,9,"NB",47.488911,-66.999687,14
"230","NB009",2011,1030122,10,"NB",47.131859,-67.702629,14
"231","NB011",2011,1051811,10,"NB",47.50341,-67.254967,14
"232","NB016",2007,1051811,10,"NB",47.488911,-66.999687,14
"233","NB016",2006,1051811,10,"NB",47.488911,-66.999687,14
"234","NB012",2002,1030122,10,"NB",47.598701,-67.344032,14
"235","NB012",2003,1030122,10,"NB",47.598701,-67.344032,14
"236","NB013",2011,1030122,10,"NB",47.586948,-68.234589,14
"237","NB016",2005,1051811,10,"NB",47.488911,-66.999687,14
"238","NB017",2010,1030030,10,"NB",47.50716,-66.730118,14
"239","NB017",2015,1030056,10,"NB",47.50716,-66.730118,14
"240","NB017",2014,1030056,10,"NB",47.50716,-66.730118,14
"241","NB015",2001,1074808,10,"NB",47.99182,-66.85054,14
"242","NB011",2012,1051811,10,"NB",47.50341,-67.254967,14
"243","NB017",2011,1030056,10,"NB",47.50716,-66.730118,14
"244","NB017",2016,1030056,10,"NB",47.50716,-66.730118,14
"245","NB017",2013,1030056,10,"NB",47.50716,-66.730118,14
"246","NB016",2001,1077273,10,"NB",47.488911,-66.999687,14
"247","NB017",2001,1074795,10,"NB",47.50716,-66.730118,14
"248","NB017",2004,1074795,10,"NB",47.50716,-66.730118,14
"249","NB017",2003,1074795,10,"NB",47.50716,-66.730118,14
"250","NB013",2004,1030122,8,"NB",47.586948,-68.234589,14
"251","NB017",2012,1030056,10,"NB",47.50716,-66.730118,14
"252","NB018",2003,1051817,10,"NB",46.977695,-66.818703,14
"253","NB018",2004,1051817,10,"NB",46.977695,-66.818703,14
"254","NB018",2001,1074816,10,"NB",46.977695,-66.818703,14
"255","NB019",2002,1074806,10,"NB",46.93119,-66.47092,14
"256","NB019",2001,1074806,10,"NB",46.93119,-66.47092,14
"257","NB020",2010,1051817,9,"NB",46.72016,-66.83403,14
"258","NB014",2005,1074863,10,"NB",47.41787,-68.416763,14
"259","NB020",2009,1051817,9,"NB",46.72016,-66.83403,14
"260","NB020",2011,1051817,9,"NB",46.72016,-66.83403,14
"261","NB020",2008,1051817,9,"NB",46.72016,-66.83403,14
"262","NB018",2005,1051817,10,"NB",46.977695,-66.818703,14
"263","NB020",2006,1051817,9,"NB",46.72016,-66.83403,14
"264","NB020",2004,1051817,9,"NB",46.72016,-66.83403,14
"265","NB020",2003,1051817,9,"NB",46.72016,-66.83403,14
"266","NB020",2013,1051817,9,"NB",46.72016,-66.83403,14
"267","NB020",2007,1051817,9,"NB",46.72016,-66.83403,14
"268","NB020",2001,1074799,9,"NB",46.72016,-66.83403,14
"269","NB020",2002,1074837,9,"NB",46.72016,-66.83403,14
"270","NB021",2001,1051818,10,"NB",46.838322,-66.675423,14
"271","NB021",2009,1051818,10,"NB",46.838322,-66.675423,14
"272","NB020",2005,1051817,9,"NB",46.72016,-66.83403,14
"273","NB021",2007,1051818,10,"NB",46.838322,-66.675423,14
"274","NB021",2005,1051818,10,"NB",46.838322,-66.675423,14
"275","NB021",2012,1051818,10,"NB",46.838322,-66.675423,14
"276","NB021",2006,1051818,10,"NB",46.838322,-66.675423,14
"277","NB021",2003,1051818,10,"NB",46.838322,-66.675423,14
"278","NB021",2010,1051818,10,"NB",46.838322,-66.675423,14
"279","NB021",2008,1051818,10,"NB",46.838322,-66.675423,14
"280","NB022",2006,1030387,10,"NB",46.21464,-66.76923,14
"281","NB022",2010,1030387,10,"NB",46.21464,-66.76923,14
"282","NB022",2008,1030387,10,"NB",46.21464,-66.76923,14
"283","NB022",2001,1030387,10,"NB",46.21464,-66.76923,14
"284","NB022",2002,1030387,10,"NB",46.21464,-66.76923,14
"285","NB022",2009,1030387,10,"NB",46.21464,-66.76923,14
"286","NB022",2005,1030387,10,"NB",46.21464,-66.76923,14
"287","NB022",2012,1030387,10,"NB",46.21464,-66.76923,14
"288","NB022",2003,1030387,10,"NB",46.21464,-66.76923,14
"289","NB022",2011,1030387,10,"NB",46.21464,-66.76923,14
"290","NB022",2004,1030387,10,"NB",46.21464,-66.76923,14
"291","NB022",2013,1032674,10,"NB",46.21464,-66.76923,14
"292","NB022",2014,1032674,10,"NB",46.21464,-66.76923,14
"293","NB023",2001,1030368,10,"NB",46.197189,-66.927391,14
"294","NB023",2016,1030368,10,"NB",46.197189,-66.927391,14
"295","NB023",2002,1030368,10,"NB",46.197189,-66.927391,14
"296","NB023",2003,1030368,10,"NB",46.197189,-66.927391,14
"297","NB023",2004,1030368,10,"NB",46.197189,-66.927391,14
"298","NB023",2005,1030368,10,"NB",46.197189,-66.927391,14
"299","NB023",2006,1030368,10,"NB",46.197189,-66.927391,14
"300","NB023",2007,1030368,10,"NB",46.197189,-66.927391,14
"301","NB023",2015,1030368,10,"NB",46.197189,-66.927391,14
"302","NB023",2009,1030368,10,"NB",46.197189,-66.927391,14
"303","NB023",2008,1030368,10,"NB",46.197189,-66.927391,14
"304","NB023",2013,1030368,10,"NB",46.197189,-66.927391,14
"305","NB023",2012,1030368,7,"NB",46.197189,-66.927391,14
"306","NB023",2011,1030368,7,"NB",46.197189,-66.927391,14
"307","NB023",2014,1030368,10,"NB",46.197189,-66.927391,14
"308","NB024",2004,1051822,10,"NB",45.78561,-67.160294,14
"309","NB024",2001,1051822,10,"NB",45.78561,-67.160294,14
"310","NB024",2002,1051822,9,"NB",45.78561,-67.160294,14
"311","NB024",2003,1051822,9,"NB",45.78561,-67.160294,14
"312","NB024",2012,1051822,9,"NB",45.78561,-67.160294,14
"313","NB024",2010,1051822,10,"NB",45.78561,-67.160294,14
"314","NB024",2005,1051822,9,"NB",45.78561,-67.160294,14
"315","NB024",2008,1051822,10,"NB",45.78561,-67.160294,14
"316","NB024",2006,1051822,10,"NB",45.78561,-67.160294,14
"317","NB024",2009,1051822,9,"NB",45.78561,-67.160294,14
"318","NB025",2014,1030464,10,"NB",45.653751,-66.74337,14
"319","NB025",2001,1030464,10,"NB",45.653751,-66.74337,14
"320","NB025",2005,1030464,10,"NB",45.653751,-66.74337,14
"321","NB025",2003,1030464,10,"NB",45.653751,-66.74337,14
"322","NB023",2010,1030368,10,"NB",46.197189,-66.927391,14
"323","NB025",2013,1030464,10,"NB",45.653751,-66.74337,14
"324","NB025",2007,1030464,10,"NB",45.653751,-66.74337,14
"325","NB025",2010,1030464,10,"NB",45.653751,-66.74337,14
"326","NB024",2007,1051822,9,"NB",45.78561,-67.160294,14
"327","NB025",2006,1030464,10,"NB",45.653751,-66.74337,14
"328","NB026",2009,1030642,10,"NB",45.750542,-66.915161,14
"329","NB026",2001,1074825,10,"NB",45.750542,-66.915161,14
"330","NB026",2015,1074876,8,"NB",45.750542,-66.915161,14
"331","NB026",2012,1074889,7,"NB",45.750542,-66.915161,14
"332","NB026",2005,1077301,10,"NB",45.750542,-66.915161,14
"333","NB026",2006,1077301,10,"NB",45.750542,-66.915161,14
"334","NB027",2006,1051826,10,"NB",45.437832,-66.781418,14
"335","NB027",2016,1051826,10,"NB",45.437832,-66.781418,14
"336","NB027",2009,1051826,10,"NB",45.437832,-66.781418,14
"337","NB027",2011,1051826,10,"NB",45.437832,-66.781418,14
"338","NB027",2013,1051826,10,"NB",45.437832,-66.781418,14
"339","NB027",2015,1051826,10,"NB",45.437832,-66.781418,14
"340","NB027",2014,1051826,10,"NB",45.437832,-66.781418,14
"341","NB027",2003,1074774,10,"NB",45.437832,-66.781418,14
"342","NB028",2011,1051827,10,"NB",45.17017,-66.920609,14
"343","NB028",2007,1051827,10,"NB",45.17017,-66.920609,14
"344","NB028",2006,1051827,9,"NB",45.17017,-66.920609,14
"345","NB028",2009,1051827,9,"NB",45.17017,-66.920609,14
"346","NB028",2014,1051827,9,"NB",45.17017,-66.920609,14
"347","NB025",2016,1030464,10,"NB",45.653751,-66.74337,14
"348","NB028",2013,1051827,10,"NB",45.17017,-66.920609,14
"349","NB028",2012,1051827,9,"NB",45.17017,-66.920609,14
"350","NB028",2010,1051827,10,"NB",45.17017,-66.920609,14
"351","NB026",2010,1030642,10,"NB",45.750542,-66.915161,14
"352","NB028",2016,1051827,9,"NB",45.17017,-66.920609,14
"353","NB028",2015,1051827,9,"NB",45.17017,-66.920609,14
"354","NB028",2001,1075308,10,"NB",45.17017,-66.920609,14
"355","NB029",2016,1074875,10,"NB",44.795071,-66.784279,14
"356","NB029",2006,1077305,10,"NB",44.795071,-66.784279,14
"357","NB029",2005,1077305,9,"NB",44.795071,-66.784279,14
"358","NB027",2010,1051826,10,"NB",45.437832,-66.781418,14
"359","NB029",2010,1081633,10,"NB",44.795071,-66.784279,14
"360","NB030",2015,1051830,10,"NB",45.502789,-66.049187,14
"361","NB027",2005,1051826,10,"NB",45.437832,-66.781418,14
"362","NB030",2008,1075212,10,"NB",45.502789,-66.049187,14
"363","NB030",2007,1075212,10,"NB",45.502789,-66.049187,14
"364","NB027",2007,1051826,10,"NB",45.437832,-66.781418,14
"365","NB030",2002,1077260,10,"NB",45.502789,-66.049187,14
"366","NB030",2006,1077260,10,"NB",45.502789,-66.049187,14
"367","NB030",2001,1077260,10,"NB",45.502789,-66.049187,14
"368","NB030",2004,1077260,10,"NB",45.502789,-66.049187,14
"369","NB030",2005,1077260,10,"NB",45.502789,-66.049187,14
"370","NB031",2006,1030067,10,"NB",45.433811,-66.235718,14
"371","NB031",2001,1030067,10,"NB",45.433811,-66.235718,14
"372","NB031",2007,1030067,10,"NB",45.433811,-66.235718,14
"373","NB031",2003,1030067,10,"NB",45.433811,-66.235718,14
"374","NB031",2010,1031545,5,"NB",45.433811,-66.235718,14
"375","NB031",2015,1051830,10,"NB",45.433811,-66.235718,14
"376","NB031",2016,1051830,10,"NB",45.433811,-66.235718,14
"377","NB031",2014,1051830,10,"NB",45.433811,-66.235718,14
"378","NB031",2013,1051830,10,"NB",45.433811,-66.235718,14
"379","NB032",2007,1077269,10,"NB",45.733528,-66.174469,14
"380","NB032",2003,1077269,10,"NB",45.733528,-66.174469,14
"381","NB032",2004,1077269,10,"NB",45.733528,-66.174469,14
"382","NB032",2009,1077269,10,"NB",45.733528,-66.174469,14
"383","NB032",2006,1077269,10,"NB",45.733528,-66.174469,14
"384","NB032",2010,1077269,10,"NB",45.733528,-66.174469,14
"385","NB032",2002,1077269,10,"NB",45.733528,-66.174469,14
"386","NB032",2001,1077269,10,"NB",45.733528,-66.174469,14
"387","NB032",2012,1077269,10,"NB",45.733528,-66.174469,14
"388","NB033",2013,1030374,10,"NB",45.94017,-66.153267,14
"389","NB028",2008,1051827,9,"NB",45.17017,-66.920609,14
"390","NB028",2005,1051827,10,"NB",45.17017,-66.920609,14
"391","NB033",2011,1030374,10,"NB",45.94017,-66.153267,14
"392","NB028",2002,1075308,10,"NB",45.17017,-66.920609,14
"393","NB028",2003,1075308,10,"NB",45.17017,-66.920609,14
"394","NB033",2009,1030374,10,"NB",45.94017,-66.153267,14
"395","NB033",2010,1030374,10,"NB",45.94017,-66.153267,14
"396","NB033",2015,1030374,10,"NB",45.94017,-66.153267,14
"397","NB033",2012,1030374,10,"NB",45.94017,-66.153267,14
"398","NB033",2016,1030374,10,"NB",45.94017,-66.153267,14
"399","NB029",2004,1077305,10,"NB",44.795071,-66.784279,14
"400","NB029",2014,1045459,10,"NB",44.795071,-66.784279,14
"401","NB030",2016,1051830,10,"NB",45.502789,-66.049187,14
"402","NB033",2001,1074782,10,"NB",45.94017,-66.153267,14
"403","NB033",2002,1074911,10,"NB",45.94017,-66.153267,14
"404","NB033",2004,1074911,10,"NB",45.94017,-66.153267,14
"405","NB033",2005,1074911,9,"NB",45.94017,-66.153267,14
"406","NB033",2006,1074911,10,"NB",45.94017,-66.153267,14
"407","NB030",2003,1077260,10,"NB",45.502789,-66.049187,14
"408","NB031",2002,1030067,10,"NB",45.433811,-66.235718,14
"409","NB027",2008,1051826,10,"NB",45.437832,-66.781418,14
"410","NB033",2008,1074911,10,"NB",45.94017,-66.153267,14
"411","NB034",2002,1074788,10,"NB",46.36592,-66.33281,14
"412","NB034",2001,1074788,10,"NB",46.36592,-66.33281,14
"413","NB034",2003,1074788,10,"NB",46.36592,-66.33281,14
"414","NB035",2014,1077266,10,"NB",46.480499,-66.05899,14
"415","NB035",2010,1077266,10,"NB",46.480499,-66.05899,14
"416","NB035",2007,1077266,10,"NB",46.480499,-66.05899,14
"417","NB035",2006,1077266,10,"NB",46.480499,-66.05899,14
"418","NB031",2012,1051830,10,"NB",45.433811,-66.235718,14
"419","NB035",2005,1077266,10,"NB",46.480499,-66.05899,14
"420","NB035",2001,1077266,10,"NB",46.480499,-66.05899,14
"421","NB035",2002,1077266,10,"NB",46.480499,-66.05899,14
"422","NB032",2005,1077269,10,"NB",45.733528,-66.174469,14
"423","NB035",2011,1077266,10,"NB",46.480499,-66.05899,14
"424","NB035",2003,1077266,10,"NB",46.480499,-66.05899,14
"425","NB035",2012,1077266,10,"NB",46.480499,-66.05899,14
"426","NB036",2002,1051832,10,"NB",46.868752,-66.026222,14
"427","NB036",2008,1051832,10,"NB",46.868752,-66.026222,14
"428","NB033",2014,1030374,10,"NB",45.94017,-66.153267,14
"429","NB036",2004,1051832,10,"NB",46.868752,-66.026222,14
"430","NB036",2003,1051832,10,"NB",46.868752,-66.026222,14
"431","NB036",2007,1051832,10,"NB",46.868752,-66.026222,14
"432","NB035",2009,1077266,10,"NB",46.480499,-66.05899,14
"433","NB036",2011,1051832,10,"NB",46.868752,-66.026222,14
"434","NB036",2015,1051832,10,"NB",46.868752,-66.026222,14
"435","NB036",2014,1051832,10,"NB",46.868752,-66.026222,14
"436","NB036",2009,1051832,10,"NB",46.868752,-66.026222,14
"437","NB036",2013,1051832,10,"NB",46.868752,-66.026222,14
"438","NB036",2012,1051832,10,"NB",46.868752,-66.026222,14
"439","NB036",2001,1051832,10,"NB",46.868752,-66.026222,14
"440","NB036",2016,1051832,10,"NB",46.868752,-66.026222,14
"441","NB037",2012,1051818,10,"NB",46.82272,-66.113564,14
"442","NB037",2003,1051818,10,"NB",46.82272,-66.113564,14
"443","NB037",2006,1051818,10,"NB",46.82272,-66.113564,14
"444","NB037",2007,1051818,10,"NB",46.82272,-66.113564,14
"445","NB035",2013,1077266,10,"NB",46.480499,-66.05899,14
"446","NB037",2010,1051818,10,"NB",46.82272,-66.113564,14
"447","NB038",2010,1030372,10,"NB",47.00177,-66.272743,14
"448","NB035",2008,1077266,10,"NB",46.480499,-66.05899,14
"449","NB035",2004,1077266,10,"NB",46.480499,-66.05899,14
"450","NB036",2006,1051832,10,"NB",46.868752,-66.026222,14
"451","NB036",2005,1051832,10,"NB",46.868752,-66.026222,14
"452","NB038",2013,1030372,10,"NB",47.00177,-66.272743,14
"453","NB038",2011,1030372,10,"NB",47.00177,-66.272743,14
"454","NB038",2012,1030372,10,"NB",47.00177,-66.272743,14
"455","NB037",2009,1051818,10,"NB",46.82272,-66.113564,14
"456","NB038",2001,1074810,10,"NB",47.00177,-66.272743,14
"457","NB038",2004,1074844,10,"NB",47.00177,-66.272743,14
"458","NB039",2008,1032147,10,"NB",47.392651,-66.396172,14
"459","NB039",2010,1032147,10,"NB",47.392651,-66.396172,14
"460","NB039",2009,1032147,10,"NB",47.392651,-66.396172,14
"461","NB039",2011,1032147,10,"NB",47.392651,-66.396172,14
"462","NB037",2001,1051818,10,"NB",46.82272,-66.113564,14
"463","NB037",2002,1051818,10,"NB",46.82272,-66.113564,14
"464","NB039",2013,1032147,10,"NB",47.392651,-66.396172,14
"465","NB038",2016,1030372,10,"NB",47.00177,-66.272743,14
"466","NB038",2015,1030372,10,"NB",47.00177,-66.272743,14
"467","NB039",2015,1032147,10,"NB",47.392651,-66.396172,14
"468","NB039",2016,1032147,10,"NB",47.392651,-66.396172,14
"469","NB039",2001,1074805,10,"NB",47.392651,-66.396172,14
"470","NB039",2002,1074841,10,"NB",47.392651,-66.396172,14
"471","NB039",2006,1077258,10,"NB",47.392651,-66.396172,14
"472","NB039",2004,1077258,10,"NB",47.392651,-66.396172,14
"473","NB038",2009,1030372,10,"NB",47.00177,-66.272743,14
"474","NB039",2003,1077258,10,"NB",47.392651,-66.396172,14
"475","NB040",2002,1030056,10,"NB",47.58033,-65.95089,14
"476","NB040",2004,1074803,10,"NB",47.58033,-65.95089,14
"477","NB041",2008,1030056,10,"NB",47.581829,-65.983437,14
"478","NB041",2012,1030056,10,"NB",47.581829,-65.983437,14
"479","NB041",2009,1030056,10,"NB",47.581829,-65.983437,14
"480","NB038",2003,1074810,10,"NB",47.00177,-66.272743,14
"481","NB041",2004,1030056,10,"NB",47.581829,-65.983437,14
"482","NB039",2014,1032147,10,"NB",47.392651,-66.396172,14
"483","NB039",2005,1077258,10,"NB",47.392651,-66.396172,14
"484","NB036",2010,1051832,10,"NB",46.868752,-66.026222,14
"485","NB041",2002,1030056,10,"NB",47.581829,-65.983437,14
"486","NB041",2011,1030056,10,"NB",47.581829,-65.983437,14
"487","NB041",2003,1030056,10,"NB",47.581829,-65.983437,14
"488","NB041",2015,1030056,10,"NB",47.581829,-65.983437,14
"489","NB040",2005,1074803,10,"NB",47.58033,-65.95089,14
"490","NB040",2003,1074803,10,"NB",47.58033,-65.95089,14
"491","NB041",2013,1030056,10,"NB",47.581829,-65.983437,14
"492","NB041",2005,1030056,10,"NB",47.581829,-65.983437,14
"493","NB041",2006,1030056,10,"NB",47.581829,-65.983437,14
"494","NB041",2007,1030056,10,"NB",47.581829,-65.983437,14
"495","NB041",2010,1030056,10,"NB",47.581829,-65.983437,14
"496","NB041",2001,1074812,10,"NB",47.581829,-65.983437,14
"497","NB042",2008,1077271,10,"NB",47.930561,-66.790131,14
"498","NB042",2002,1077271,10,"NB",47.930561,-66.790131,14
"499","NB042",2016,1077271,10,"NB",47.930561,-66.790131,14
"500","NB041",2016,1030056,10,"NB",47.581829,-65.983437,14
"501","NB041",2014,1030056,10,"NB",47.581829,-65.983437,14
"502","NB042",2003,1077271,10,"NB",47.930561,-66.790131,14
"503","NB042",2004,1077271,10,"NB",47.930561,-66.790131,14
"504","NB042",2006,1077271,10,"NB",47.930561,-66.790131,14
"505","NB042",2007,1077271,10,"NB",47.930561,-66.790131,14
"506","NB042",2001,1077271,10,"NB",47.930561,-66.790131,14
"507","NB043",2011,1051811,9,"NB",47.945751,-66.409889,14
"508","NB043",2015,1051811,9,"NB",47.945751,-66.409889,14
"509","NB043",2009,1051811,9,"NB",47.945751,-66.409889,14
"510","NB043",2016,1051811,9,"NB",47.945751,-66.409889,14
"511","NB042",2010,1077271,10,"NB",47.930561,-66.790131,14
"512","NB043",2013,1051811,9,"NB",47.945751,-66.409889,14
"513","NB043",2007,1077268,9,"NB",47.945751,-66.409889,14
"514","NB043",2006,1077268,9,"NB",47.945751,-66.409889,14
"515","NB043",2001,1077268,9,"NB",47.945751,-66.409889,14
"516","NB043",2002,1077268,9,"NB",47.945751,-66.409889,14
"517","NB044",2001,1074801,10,"NB",47.60894,-65.60253,14
"518","NB044",2004,1074801,10,"NB",47.60894,-65.60253,14
"519","NB044",2003,1074801,10,"NB",47.60894,-65.60253,14
"520","NB044",2005,1077303,10,"NB",47.60894,-65.60253,14
"521","NB044",2006,1077303,10,"NB",47.60894,-65.60253,14
"522","NB044",2007,1077303,10,"NB",47.60894,-65.60253,14
"523","NB045",2013,1051811,10,"NB",47.516628,-65.723572,14
"524","NB045",2011,1051811,10,"NB",47.516628,-65.723572,14
"525","NB045",2008,1051811,10,"NB",47.516628,-65.723572,14
"526","NB045",2009,1051811,10,"NB",47.516628,-65.723572,14
"527","NB043",2008,1051811,9,"NB",47.945751,-66.409889,14
"528","NB045",2007,1051811,10,"NB",47.516628,-65.723572,14
"529","NB045",2003,1077267,10,"NB",47.516628,-65.723572,14
"530","NB043",2012,1051811,9,"NB",47.945751,-66.409889,14
"531","NB045",2001,1077267,10,"NB",47.516628,-65.723572,14
"532","NB046",2016,1030405,10,"NB",47.003391,-65.729599,14
"533","NB043",2004,1077268,9,"NB",47.945751,-66.409889,14
"534","NB046",2006,1030405,10,"NB",47.003391,-65.729599,14
"535","NB046",2015,1030405,10,"NB",47.003391,-65.729599,14
"536","NB043",2005,1077268,8,"NB",47.945751,-66.409889,14
"537","NB046",2008,1030405,10,"NB",47.003391,-65.729599,14
"538","NB043",2003,1077268,8,"NB",47.945751,-66.409889,14
"539","NB046",2009,1030405,10,"NB",47.003391,-65.729599,14
"540","NB046",2011,1030405,10,"NB",47.003391,-65.729599,14
"541","NB046",2014,1030405,10,"NB",47.003391,-65.729599,14
"542","NB046",2013,1030405,10,"NB",47.003391,-65.729599,14
"543","NB046",2010,1030405,10,"NB",47.003391,-65.729599,14
"544","NB046",2005,1030405,10,"NB",47.003391,-65.729599,14
"545","NB046",2007,1030405,10,"NB",47.003391,-65.729599,14
"546","NB046",2001,1074791,10,"NB",47.003391,-65.729599,14
"547","NB046",2002,1074791,10,"NB",47.003391,-65.729599,14
"548","NB046",2003,1074791,10,"NB",47.003391,-65.729599,14
"549","NB046",2004,1074791,10,"NB",47.003391,-65.729599,14
"550","NB047",2009,1030349,10,"NB",47.132881,-65.583382,14
"551","NB045",2002,1077267,10,"NB",47.516628,-65.723572,14
"552","NB047",2012,1030349,10,"NB",47.132881,-65.583382,14
"553","NB047",2003,1077265,10,"NB",47.132881,-65.583382,14
"554","NB047",2006,1077265,10,"NB",47.132881,-65.583382,14
"555","NB047",2001,1077265,10,"NB",47.132881,-65.583382,14
"556","NB047",2005,1077265,10,"NB",47.132881,-65.583382,14
"557","NB047",2004,1077265,10,"NB",47.132881,-65.583382,14
"558","NB047",2002,1077265,10,"NB",47.132881,-65.583382,14
"559","NB048",2013,1030092,10,"NB",46.678879,-65.726898,14
"560","NB048",2007,1030092,10,"NB",46.678879,-65.726898,14
"561","NB042",2012,1077271,10,"NB",47.930561,-66.790131,14
"562","NB048",2009,1030092,10,"NB",46.678879,-65.726898,14
"563","NB048",2005,1030092,9,"NB",46.678879,-65.726898,14
"564","NB048",2004,1030092,10,"NB",46.678879,-65.726898,14
"565","NB048",2003,1030092,10,"NB",46.678879,-65.726898,14
"566","NB049",2012,1051839,10,"NB",46.811917,-65.583944,14
"567","NB049",2015,1051839,10,"NB",46.811917,-65.583944,14
"568","NB049",2009,1051839,10,"NB",46.811917,-65.583944,14
"569","NB049",2006,1051839,10,"NB",46.811917,-65.583944,14
"570","NB049",2010,1051839,10,"NB",46.811917,-65.583944,14
"571","NB049",2001,1074809,10,"NB",46.811917,-65.583944,14
"572","NB047",2008,1030070,10,"NB",47.132881,-65.583382,14
"573","NB049",2002,1074809,10,"NB",46.811917,-65.583944,14
"574","NB050",2001,1077275,10,"NB",46.49515,-65.79811,14
"575","NB050",2009,1077275,10,"NB",46.49515,-65.79811,14
"576","NB050",2007,1077275,10,"NB",46.49515,-65.79811,14
"577","NB050",2006,1077275,10,"NB",46.49515,-65.79811,14
"578","NB050",2005,1077275,10,"NB",46.49515,-65.79811,14
"579","NB050",2004,1077275,10,"NB",46.49515,-65.79811,14
"580","NB050",2003,1077275,10,"NB",46.49515,-65.79811,14
"581","NB050",2012,1077275,10,"NB",46.49515,-65.79811,14
"582","NB051",2005,1030642,10,"NB",46.05829,-65.52256,14
"583","NB051",2003,1030642,10,"NB",46.05829,-65.52256,14
"584","NB051",2004,1030642,10,"NB",46.05829,-65.52256,14
"585","NB051",2013,1051842,10,"NB",46.05829,-65.52256,14
"586","NB052",2015,1030084,10,"NB",45.643917,-65.220749,14
"587","NB052",2003,1030084,10,"NB",45.643917,-65.220749,14
"588","NB052",2001,1030084,10,"NB",45.643917,-65.220749,14
"589","NB052",2008,1030084,10,"NB",45.643917,-65.220749,14
"590","NB052",2012,1030084,10,"NB",45.643917,-65.220749,14
"591","NB052",2014,1030084,10,"NB",45.643917,-65.220749,14
"592","NB052",2007,1030084,10,"NB",45.643917,-65.220749,14
"593","NB044",2008,1077303,6,"NB",47.60894,-65.60253,14
"594","NB052",2010,1030084,10,"NB",45.643917,-65.220749,14
"595","NB052",2016,1030084,10,"NB",45.643917,-65.220749,14
"596","NB052",2009,1030084,10,"NB",45.643917,-65.220749,14
"597","NB052",2013,1030084,10,"NB",45.643917,-65.220749,14
"598","NB052",2002,1030084,10,"NB",45.643917,-65.220749,14
"599","NB053",2001,1030085,10,"NB",45.627781,-65.745689,14
"600","NB047",2013,1030349,10,"NB",47.132881,-65.583382,14
"601","NB047",2010,1030349,10,"NB",47.132881,-65.583382,14
"602","NB053",2008,1030085,10,"NB",45.627781,-65.745689,14
"603","NB053",2007,1030085,10,"NB",45.627781,-65.745689,14
"604","NB053",2004,1030085,10,"NB",45.627781,-65.745689,14
"605","NB053",2002,1030085,10,"NB",45.627781,-65.745689,14
"606","NB053",2005,1030085,10,"NB",45.627781,-65.745689,14
"607","NB053",2003,1030085,10,"NB",45.627781,-65.745689,14
"608","NB053",2006,1030085,10,"NB",45.627781,-65.745689,14
"609","NB053",2013,1030085,10,"NB",45.627781,-65.745689,14
"610","NB053",2010,1030085,10,"NB",45.627781,-65.745689,14
"611","NB053",2011,1030085,10,"NB",45.627781,-65.745689,14
"612","NB048",2010,1030092,5,"NB",46.678879,-65.726898,14
"613","NB053",2012,1030085,10,"NB",45.627781,-65.745689,14
"614","NB053",2015,1030085,9,"NB",45.627781,-65.745689,14
"615","NB048",2012,1030092,9,"NB",46.678879,-65.726898,14
"616","NB048",2006,1030092,10,"NB",46.678879,-65.726898,14
"617","NB053",2014,1030085,10,"NB",45.627781,-65.745689,14
"618","NB054",2007,1030073,10,"NB",45.635021,-65.799431,14
"619","NB054",2014,1030073,10,"NB",45.635021,-65.799431,14
"620","NB054",2011,1030073,10,"NB",45.635021,-65.799431,14
"621","NB054",2009,1030073,10,"NB",45.635021,-65.799431,14
"622","NB049",2007,1051839,10,"NB",46.811917,-65.583944,14
"623","NB049",2008,1051839,10,"NB",46.811917,-65.583944,14
"624","NB054",2008,1030073,10,"NB",45.635021,-65.799431,14
"625","NB054",2016,1030073,10,"NB",45.635021,-65.799431,14
"626","NB054",2013,1030073,10,"NB",45.635021,-65.799431,14
"627","NB054",2002,1075212,10,"NB",45.635021,-65.799431,14
"628","NB054",2001,1075212,10,"NB",45.635021,-65.799431,14
"629","NB054",2003,1075212,10,"NB",45.635021,-65.799431,14
"630","NB050",2002,1077275,10,"NB",46.49515,-65.79811,14
"631","NB054",2004,1075212,10,"NB",45.635021,-65.799431,14
"632","NB054",2005,1075212,10,"NB",45.635021,-65.799431,14
"633","NB055",2004,1051849,10,"NB",45.621666,-65.327972,14
"634","NB055",2003,1051849,8,"NB",45.621666,-65.327972,14
"635","NB056",2012,1077272,10,"NB",45.268333,-65.73333,14
"636","NB056",2013,1077272,10,"NB",45.268333,-65.73333,14
"637","NB050",2010,1077275,10,"NB",46.49515,-65.79811,14
"638","NB056",2015,1077272,10,"NB",45.268333,-65.73333,14
"639","NB056",2010,1077272,10,"NB",45.268333,-65.73333,14
"640","NB056",2004,1077272,10,"NB",45.268333,-65.73333,14
"641","NB056",2011,1077272,10,"NB",45.268333,-65.73333,14
"642","NB056",2006,1077272,10,"NB",45.268333,-65.73333,14
"643","NB056",2007,1077272,10,"NB",45.268333,-65.73333,14
"644","NB051",2012,1051842,10,"NB",46.05829,-65.52256,14
"645","NB056",2002,1077272,10,"NB",45.268333,-65.73333,14
"646","NB052",2005,1030084,10,"NB",45.643917,-65.220749,14
"647","NB056",2003,1077272,10,"NB",45.268333,-65.73333,14
"648","NB056",2008,1077272,10,"NB",45.268333,-65.73333,14
"649","NB057",2016,1030089,10,"NB",45.534111,-65.517372,14
"650","NB057",2015,1030089,10,"NB",45.534111,-65.517372,14
"651","NB057",2002,1030089,10,"NB",45.534111,-65.517372,14
"652","NB051",2010,1081637,10,"NB",46.05829,-65.52256,14
"653","NB057",2001,1030089,10,"NB",45.534111,-65.517372,14
"654","NB057",2003,1030089,10,"NB",45.534111,-65.517372,14
"655","NB057",2006,1030089,10,"NB",45.534111,-65.517372,14
"656","NB057",2010,1030089,10,"NB",45.534111,-65.517372,14
"657","NB057",2005,1030089,10,"NB",45.534111,-65.517372,14
"658","NB057",2009,1030089,10,"NB",45.534111,-65.517372,14
"659","NB058",2011,1030072,10,"NB",45.919319,-64.881371,14
"660","NB058",2010,1030072,10,"NB",45.919319,-64.881371,14
"661","NB058",2012,1030072,9,"NB",45.919319,-64.881371,14
"662","NB053",2009,1030085,10,"NB",45.627781,-65.745689,14
"663","NB058",2008,1030072,10,"NB",45.919319,-64.881371,14
"664","NB052",2011,1030084,10,"NB",45.643917,-65.220749,14
"665","NB058",2006,1030072,10,"NB",45.919319,-64.881371,14
"666","NB058",2005,1030072,9,"NB",45.919319,-64.881371,14
"667","NB058",2003,1030072,10,"NB",45.919319,-64.881371,14
"668","NB058",2002,1030072,10,"NB",45.919319,-64.881371,14
"669","NB058",2001,1030072,10,"NB",45.919319,-64.881371,14
"670","NB059",2014,1030072,10,"NB",45.962311,-64.959999,14
"671","NB059",2010,1030137,10,"NB",45.962311,-64.959999,14
"672","NB059",2009,1030137,10,"NB",45.962311,-64.959999,14
"673","NB059",2011,1030137,10,"NB",45.962311,-64.959999,14
"674","NB059",2004,1075448,10,"NB",45.962311,-64.959999,14
"675","NB054",2012,1030073,10,"NB",45.635021,-65.799431,14
"676","NB053",2016,1030085,10,"NB",45.627781,-65.745689,14
"677","NB059",2007,1075448,10,"NB",45.962311,-64.959999,14
"678","NB059",2006,1077267,10,"NB",45.962311,-64.959999,14
"679","NB055",2006,1051849,10,"NB",45.621666,-65.327972,14
"680","NB059",2005,1077267,10,"NB",45.962311,-64.959999,14
"681","NB060",2004,1030404,10,"NB",46.246399,-64.928947,14
"682","NB060",2009,1030404,10,"NB",46.246399,-64.928947,14
"683","NB055",2002,1051849,10,"NB",45.621666,-65.327972,14
"684","NB060",2005,1030404,10,"NB",46.246399,-64.928947,14
"685","NB056",2001,1077272,10,"NB",45.268333,-65.73333,14
"686","NB056",2005,1077272,10,"NB",45.268333,-65.73333,14
"687","NB060",2002,1043895,10,"NB",46.246399,-64.928947,14
"688","NB061",2002,1030081,10,"NB",46.124191,-64.967979,14
"689","NB061",2009,1030081,8,"NB",46.124191,-64.967979,14
"690","NB061",2011,1030081,10,"NB",46.124191,-64.967979,14
"691","NB061",2007,1030081,10,"NB",46.124191,-64.967979,14
"692","NB061",2006,1030081,10,"NB",46.124191,-64.967979,14
"693","NB061",2005,1030081,10,"NB",46.124191,-64.967979,14
"694","NB056",2009,1077272,10,"NB",45.268333,-65.73333,14
"695","NB061",2003,1030081,10,"NB",46.124191,-64.967979,14
"696","NB061",2015,1030081,10,"NB",46.124191,-64.967979,14
"697","NB055",2001,1051849,10,"NB",45.621666,-65.327972,14
"698","NB061",2010,1030081,10,"NB",46.124191,-64.967979,14
"699","NB061",2012,1030081,10,"NB",46.124191,-64.967979,14
"700","NB061",2013,1030081,10,"NB",46.124191,-64.967979,14
"701","NB061",2014,1030081,10,"NB",46.124191,-64.967979,14
"702","NB061",2008,1030081,10,"NB",46.124191,-64.967979,14
"703","NB061",2004,1030081,10,"NB",46.124191,-64.967979,14
"704","NB062",2009,1030030,9,"NB",46.18676,-64.690002,14
"705","NB057",2004,1030089,10,"NB",45.534111,-65.517372,14
"706","NB062",2011,1030030,9,"NB",46.18676,-64.690002,14
"707","NB062",2008,1030030,9,"NB",46.18676,-64.690002,14
"708","NB062",2016,1030030,8,"NB",46.18676,-64.690002,14
"709","NB062",2012,1030030,9,"NB",46.18676,-64.690002,14
"710","NB062",2010,1030030,9,"NB",46.18676,-64.690002,14
"711","NB062",2013,1051842,7,"NB",46.18676,-64.690002,14
"712","NB062",2001,1074794,9,"NB",46.18676,-64.690002,14
"713","NB062",2006,1077273,6,"NB",46.18676,-64.690002,14
"714","NB057",2011,1030089,10,"NB",45.534111,-65.517372,14
"715","NB062",2005,1077273,8,"NB",46.18676,-64.690002,14
"716","NB062",2004,1077273,9,"NB",46.18676,-64.690002,14
"717","NB057",2014,1030089,10,"NB",45.534111,-65.517372,14
"718","NB063",2015,1030030,10,"NB",46.535622,-64.734291,14
"719","NB063",2007,1030642,10,"NB",46.535622,-64.734291,14
"720","NB063",2008,1030957,5,"NB",46.535622,-64.734291,14
"721","NB063",2010,1043244,10,"NB",46.535622,-64.734291,14
"722","NB063",2001,1074784,10,"NB",46.535622,-64.734291,14
"723","NB063",2016,1074880,7,"NB",46.535622,-64.734291,14
"724","NB064",2006,1030092,10,"NB",46.53506,-65.12664,14
"725","NB064",2011,1030092,10,"NB",46.53506,-65.12664,14
"726","NB064",2012,1030092,10,"NB",46.53506,-65.12664,14
"727","NB064",2004,1030092,10,"NB",46.53506,-65.12664,14
"728","NB064",2009,1030092,8,"NB",46.53506,-65.12664,14
"729","NB064",2007,1030092,10,"NB",46.53506,-65.12664,14
"730","NB064",2008,1030092,10,"NB",46.53506,-65.12664,14
"731","NB058",2004,1030072,10,"NB",45.919319,-64.881371,14
"732","NB064",2010,1030092,9,"NB",46.53506,-65.12664,14
"733","NB064",2005,1030092,10,"NB",46.53506,-65.12664,14
"734","NB064",2001,1074785,10,"NB",46.53506,-65.12664,14
"735","NB064",2002,1075448,10,"NB",46.53506,-65.12664,14
"736","NB065",2010,1030030,10,"NB",47.3385,-65.04225,14
"737","NB059",2001,1074813,10,"NB",45.962311,-64.959999,14
"738","NB059",2003,1075448,10,"NB",45.962311,-64.959999,14
"739","NB065",2002,1074820,10,"NB",47.3385,-65.04225,14
"740","NB060",2007,1030404,10,"NB",46.246399,-64.928947,14
"741","NB065",2001,1074820,10,"NB",47.3385,-65.04225,14
"742","NB065",2003,1074820,10,"NB",47.3385,-65.04225,14
"743","NB066",2001,1074821,9,"NB",47.44978,-65.014313,14
"744","NB066",2002,1074844,7,"NB",47.44978,-65.014313,14
"745","NB067",2004,1030405,10,"NB",47.56281,-65.01362,14
"746","NB067",2003,1030405,10,"NB",47.56281,-65.01362,14
"747","NB067",2001,1074811,10,"NB",47.56281,-65.01362,14
"748","NB067",2002,1074811,10,"NB",47.56281,-65.01362,14
"749","NB068",2005,1030030,10,"NB",45.764889,-64.489998,14
"750","NB068",2015,1051843,10,"NB",45.764889,-64.489998,14
"751","NB061",2001,1030081,9,"NB",46.124191,-64.967979,14
"752","NB068",2016,1051843,10,"NB",45.764889,-64.489998,14
"753","NB068",2001,1074800,10,"NB",45.764889,-64.489998,14
"754","NB068",2004,1074800,10,"NB",45.764889,-64.489998,14
"755","NB068",2003,1074800,10,"NB",45.764889,-64.489998,14
"756","NB062",2015,1030030,9,"NB",46.18676,-64.690002,14
"757","NB069",2004,1013890,10,"NB",45.99474,-64.298698,14
"758","NB069",2003,1013890,10,"NB",45.99474,-64.298698,14
"759","NB069",2012,1013890,10,"NB",45.99474,-64.298698,14
"760","NB069",2015,1013890,7,"NB",45.99474,-64.298698,14
"761","NB069",2016,1013890,10,"NB",45.99474,-64.298698,14
"762","NB069",2001,1013890,10,"NB",45.99474,-64.298698,14
"763","NB069",2013,1013890,10,"NB",45.99474,-64.298698,14
"764","NB063",2003,1074784,10,"NB",46.535622,-64.734291,14
"765","NB069",2007,1013890,10,"NB",45.99474,-64.298698,14
"766","NB069",2009,1013890,10,"NB",45.99474,-64.298698,14
"767","NB063",2002,1074784,10,"NB",46.535622,-64.734291,14
"768","NB069",2008,1013890,10,"NB",45.99474,-64.298698,14
"769","NB069",2011,1013890,10,"NB",45.99474,-64.298698,14
"770","NB064",2003,1030092,10,"NB",46.53506,-65.12664,14
"771","NB069",2014,1013890,10,"NB",45.99474,-64.298698,14
"772","NB069",2006,1030237,10,"NB",45.99474,-64.298698,14
"773","NB064",2013,1030092,9,"NB",46.53506,-65.12664,14
"774","NB070",2006,1030030,10,"NB",46.170448,-64.42466,14
"775","NB070",2012,1043244,10,"NB",46.170448,-64.42466,14
"776","NB070",2015,1043244,10,"NB",46.170448,-64.42466,14
"777","NB070",2013,1043244,10,"NB",46.170448,-64.42466,14
"778","NB070",2004,1074818,10,"NB",46.170448,-64.42466,14
"779","NB070",2003,1074818,10,"NB",46.170448,-64.42466,14
"780","NB070",2002,1074818,10,"NB",46.170448,-64.42466,14
"781","NB070",2001,1074818,10,"NB",46.170448,-64.42466,14
"782","NB070",2007,1077262,10,"NB",46.170448,-64.42466,14
"783","NB070",2008,1077262,10,"NB",46.170448,-64.42466,14
"784","NB071",2015,1051845,10,"NB",47.68819,-67.799957,14
"785","NB071",2010,1051845,10,"NB",47.68819,-67.799957,14
"786","NB071",2012,1051845,10,"NB",47.68819,-67.799957,14
"787","NB071",2007,1051845,10,"NB",47.68819,-67.799957,14
"788","NB071",2005,1051845,10,"NB",47.68819,-67.799957,14
"789","NB071",2008,1051845,10,"NB",47.68819,-67.799957,14
"790","NB071",2011,1051845,10,"NB",47.68819,-67.799957,14
"791","NB068",2007,1051843,10,"NB",45.764889,-64.489998,14
"792","NB071",2001,1051845,10,"NB",47.68819,-67.799957,14
"793","NB071",2004,1051845,10,"NB",47.68819,-67.799957,14
"794","NB071",2003,1051845,9,"NB",47.68819,-67.799957,14
"795","NB071",2002,1051845,10,"NB",47.68819,-67.799957,14
"796","NB068",2014,1051843,10,"NB",45.764889,-64.489998,14
"797","NB072",2002,1030122,10,"NB",47.793999,-68.163551,14
"798","NB072",2011,1030122,10,"NB",47.793999,-68.163551,14
"799","NB072",2007,1030122,10,"NB",47.793999,-68.163551,14
"800","NB072",2006,1030122,10,"NB",47.793999,-68.163551,14
"801","NB072",2005,1030122,10,"NB",47.793999,-68.163551,14
"802","NB069",2005,1013890,10,"NB",45.99474,-64.298698,14
"803","NB072",2012,1030122,10,"NB",47.793999,-68.163551,14
"804","NB069",2002,1013890,10,"NB",45.99474,-64.298698,14
"805","NB072",2003,1030122,10,"NB",47.793999,-68.163551,14
"806","NB072",2009,1030122,10,"NB",47.793999,-68.163551,14
"807","NB072",2008,1030122,10,"NB",47.793999,-68.163551,14
"808","NB072",2001,1074823,10,"NB",47.793999,-68.163551,14
"809","NB073",2014,1030070,10,"NB",47.140171,-66.10675,14
"810","NB073",2010,1030070,10,"NB",47.140171,-66.10675,14
"811","NB073",2009,1030070,10,"NB",47.140171,-66.10675,14
"812","NB073",2004,1030070,10,"NB",47.140171,-66.10675,14
"813","NB069",2010,1013890,10,"NB",45.99474,-64.298698,14
"814","NB073",2006,1030070,10,"NB",47.140171,-66.10675,14
"815","NB073",2016,1030070,10,"NB",47.140171,-66.10675,14
"816","NB073",2011,1030070,10,"NB",47.140171,-66.10675,14
"817","NB073",2012,1030070,10,"NB",47.140171,-66.10675,14
"818","NB073",2001,1030070,10,"NB",47.140171,-66.10675,14
"819","NB073",2008,1030070,10,"NB",47.140171,-66.10675,14
"820","NB074",2013,1051846,10,"NB",45.37486,-66.71306,14
"821","NB074",2010,1051846,10,"NB",45.37486,-66.71306,14
"822","NB074",2001,1074804,10,"NB",45.37486,-66.71306,14
"823","NB075",2010,1030092,10,"NB",46.36808,-65.497643,14
"824","NB070",2005,1074818,10,"NB",46.170448,-64.42466,14
"825","NB075",2013,1030092,10,"NB",46.36808,-65.497643,14
"826","NB075",2008,1030092,10,"NB",46.36808,-65.497643,14
"827","NB075",2009,1030092,10,"NB",46.36808,-65.497643,14
"828","NB075",2011,1030092,10,"NB",46.36808,-65.497643,14
"829","NB075",2007,1030092,10,"NB",46.36808,-65.497643,14
"830","NB075",2001,1074824,10,"NB",46.36808,-65.497643,14
"831","NB071",2009,1051845,10,"NB",47.68819,-67.799957,14
"832","NB075",2003,1074824,10,"NB",46.36808,-65.497643,14
"833","NB075",2004,1074824,10,"NB",46.36808,-65.497643,14
"834","NB075",2005,1074833,10,"NB",46.36808,-65.497643,14
"835","NB075",2015,1079011,10,"NB",46.36808,-65.497643,14
"836","NB076",2010,1030030,9,"NB",46.018532,-65.710899,14
"837","NB072",2004,1030122,10,"NB",47.793999,-68.163551,14
"838","NB076",2013,1044071,10,"NB",46.018532,-65.710899,14
"839","NB076",2002,1074781,10,"NB",46.018532,-65.710899,14
"840","NB076",2003,1077253,10,"NB",46.018532,-65.710899,14
"841","NB077",2002,1074807,10,"NB",47.39784,-65.62006,14
"842","NB078",2010,1030030,10,"NB",45.86451,-66.618958,14
"843","NB078",2012,1032177,10,"NB",45.86451,-66.618958,14
"844","NB078",2003,1074814,8,"NB",45.86451,-66.618958,14
"845","NB078",2002,1074814,10,"NB",45.86451,-66.618958,14
"846","NB073",2007,1030070,10,"NB",47.140171,-66.10675,14
"847","NB073",2015,1030070,10,"NB",47.140171,-66.10675,14
"848","NB078",2005,1074867,10,"NB",45.86451,-66.618958,14
"849","NB078",2015,1074876,10,"NB",45.86451,-66.618958,14
"850","NB078",2016,1074879,7,"NB",45.86451,-66.618958,14
"851","NB079",2014,1051810,10,"NB",46.315281,-67.599113,14
"852","NB079",2015,1051810,10,"NB",46.315281,-67.599113,14
"853","NB073",2005,1030070,10,"NB",47.140171,-66.10675,14
"854","NB079",2001,1074817,10,"NB",46.315281,-67.599113,14
"855","NB079",2002,1074845,10,"NB",46.315281,-67.599113,14
"856","NB080",2006,1051847,10,"NB",45.77499,-66.089348,14
"857","NB080",2011,1051847,10,"NB",45.77499,-66.089348,14
"858","NB073",2002,1030070,10,"NB",47.140171,-66.10675,14
"859","NB073",2003,1030070,10,"NB",47.140171,-66.10675,14
"860","NB074",2012,1051846,9,"NB",45.37486,-66.71306,14
"861","NB080",2016,1051847,10,"NB",45.77499,-66.089348,14
"862","NB080",2012,1051847,10,"NB",45.77499,-66.089348,14
"863","NB080",2015,1051847,10,"NB",45.77499,-66.089348,14
"864","NB074",2002,1074804,10,"NB",45.37486,-66.71306,14
"865","NB075",2012,1030092,9,"NB",46.36808,-65.497643,14
"866","NB080",2005,1051847,10,"NB",45.77499,-66.089348,14
"867","NB080",2004,1051847,10,"NB",45.77499,-66.089348,14
"868","NB080",2001,1051847,10,"NB",45.77499,-66.089348,14
"869","NB080",2003,1051847,10,"NB",45.77499,-66.089348,14
"870","NB080",2010,1051847,10,"NB",45.77499,-66.089348,14
"871","NB080",2008,1051847,10,"NB",45.77499,-66.089348,14
"872","NB075",2016,1079011,8,"NB",46.36808,-65.497643,14
"873","NB080",2009,1051847,10,"NB",45.77499,-66.089348,14
"874","NB075",2002,1074824,10,"NB",46.36808,-65.497643,14
"875","NB081",2007,1077270,10,"NB",45.788891,-65.496498,14
"876","NB075",2014,1079011,10,"NB",46.36808,-65.497643,14
"877","NB076",2005,1077253,10,"NB",46.018532,-65.710899,14
"878","NB081",2006,1077270,10,"NB",45.788891,-65.496498,14
"879","NB076",2001,1074781,10,"NB",46.018532,-65.710899,14
"880","NB077",2001,1074807,10,"NB",47.39784,-65.62006,14
"881","NB082",2009,1030137,9,"NB",45.88906,-64.6543,14
"882","NB082",2013,1051848,10,"NB",45.88906,-64.6543,14
"883","NB078",2001,1074814,10,"NB",45.86451,-66.618958,14
"884","NB082",2005,1074777,10,"NB",45.88906,-64.6543,14
"885","NB082",2001,1074777,10,"NB",45.88906,-64.6543,14
"886","NB082",2003,1074777,10,"NB",45.88906,-64.6543,14
"887","NB078",2004,1074814,8,"NB",45.86451,-66.618958,14
"888","NB079",2016,1051810,10,"NB",46.315281,-67.599113,14
"889","NB082",2002,1074777,10,"NB",45.88906,-64.6543,14
"890","NB083",2010,1030122,10,"NB",47.32552,-67.696198,14
"891","NB083",2014,1030122,10,"NB",47.32552,-67.696198,14
"892","NB079",2003,1077254,10,"NB",46.315281,-67.599113,14
"893","NB083",2011,1030122,10,"NB",47.32552,-67.696198,14
"894","NB083",2012,1030122,10,"NB",47.32552,-67.696198,14
"895","NB080",2013,1051847,10,"NB",45.77499,-66.089348,14
"896","NB083",2002,1074822,10,"NB",47.32552,-67.696198,14
"897","NB083",2003,1074822,10,"NB",47.32552,-67.696198,14
"898","NB083",2001,1074822,10,"NB",47.32552,-67.696198,14
"899","NB080",2007,1051847,10,"NB",45.77499,-66.089348,14
"900","NB083",2007,1077288,10,"NB",47.32552,-67.696198,14
"901","NB083",2005,1077288,10,"NB",47.32552,-67.696198,14
"902","NB083",2004,1077288,10,"NB",47.32552,-67.696198,14
"903","NB083",2008,1077288,10,"NB",47.32552,-67.696198,14
"904","NB084",2016,1074880,9,"NB",46.642231,-64.957657,14
"905","NB084",2002,1077274,10,"NB",46.642231,-64.957657,14
"906","NB084",2007,1077274,8,"NB",46.642231,-64.957657,14
"907","NB084",2006,1077274,10,"NB",46.642231,-64.957657,14
"908","NB084",2005,1077274,8,"NB",46.642231,-64.957657,14
"909","NB084",2003,1077274,9,"NB",46.642231,-64.957657,14
"910","NB080",2002,1051847,10,"NB",45.77499,-66.089348,14
"911","NB084",2001,1077274,10,"NB",46.642231,-64.957657,14
"912","NB081",2013,1074779,10,"NB",45.788891,-65.496498,14
"913","NB084",2010,1081636,10,"NB",46.642231,-64.957657,14
"914","NB081",2012,1074870,10,"NB",45.788891,-65.496498,14
"915","NB085",2014,1077263,10,"NB",47.677151,-65.395126,14
"916","NB081",2003,1077270,10,"NB",45.788891,-65.496498,14
"917","NB081",2001,1077270,10,"NB",45.788891,-65.496498,14
"918","NB085",2001,1077263,10,"NB",47.677151,-65.395126,14
"919","NB085",2012,1077263,10,"NB",47.677151,-65.395126,14
"920","NB085",2005,1077263,10,"NB",47.677151,-65.395126,14
"921","NB085",2006,1077263,10,"NB",47.677151,-65.395126,14
"922","NB085",2007,1077263,10,"NB",47.677151,-65.395126,14
"923","NB083",2009,1030122,10,"NB",47.32552,-67.696198,14
"924","NB085",2013,1077263,10,"NB",47.677151,-65.395126,14
"925","NB085",2015,1077263,10,"NB",47.677151,-65.395126,14
"926","NB085",2003,1077263,10,"NB",47.677151,-65.395126,14
"927","NB081",2002,1077270,10,"NB",45.788891,-65.496498,14
"928","NB085",2002,1077263,10,"NB",47.677151,-65.395126,14
"929","NB085",2010,1077263,10,"NB",47.677151,-65.395126,14
"930","NB085",2008,1077263,10,"NB",47.677151,-65.395126,14
"931","NB083",2006,1077288,10,"NB",47.32552,-67.696198,14
"932","NB086",2011,1074868,10,"NB",47.71151,-64.852783,14
"933","NB086",2015,1074868,10,"NB",47.71151,-64.852783,14
"934","NB086",2008,1077256,10,"NB",47.71151,-64.852783,14
"935","NB086",2009,1077256,10,"NB",47.71151,-64.852783,14
"936","NB081",2005,1077270,10,"NB",45.788891,-65.496498,14
"937","NB086",2010,1077256,10,"NB",47.71151,-64.852783,14
"938","NB086",2007,1077257,10,"NB",47.71151,-64.852783,14
"939","NB086",2006,1077257,10,"NB",47.71151,-64.852783,14
"940","NB086",2005,1077257,10,"NB",47.71151,-64.852783,14
"941","NB086",2002,1077257,10,"NB",47.71151,-64.852783,14
"942","NB086",2003,1077257,10,"NB",47.71151,-64.852783,14
"943","NB084",2004,1077274,9,"NB",46.642231,-64.957657,14
"944","NB087",2003,1077311,10,"NB",46.70358,-67.75795,14
"945","NB087",2010,1081641,10,"NB",46.70358,-67.75795,14
"946","NB087",2011,1081641,6,"NB",46.70358,-67.75795,14
"947","NB088",2006,1067861,10,"NB",45.75667,-66.20631,14
"948","NB085",2009,1077263,10,"NB",47.677151,-65.395126,14
"949","NB088",2009,1067861,8,"NB",45.75667,-66.20631,14
"950","NB088",2001,1074802,10,"NB",45.75667,-66.20631,14
"951","NB088",2007,1077313,10,"NB",45.75667,-66.20631,14
"952","NB089",2008,1067861,10,"NB",45.750259,-66.407677,14
"953","NB089",2006,1067861,10,"NB",45.750259,-66.407677,14
"954","NB089",2001,1074802,10,"NB",45.750259,-66.407677,14
"955","NB089",2007,1077313,10,"NB",45.750259,-66.407677,14
"956","NB090",2002,1067861,10,"NB",45.61082,-66.14313,14
"957","NB090",2001,1074802,10,"NB",45.61082,-66.14313,14
"958","NB090",2007,1077313,7,"NB",45.61082,-66.14313,14
"959","NB091",2001,1074826,10,"NB",45.5615,-65.00483,14
"960","NB088",2008,1067861,10,"NB",45.75667,-66.20631,14
"961","NB091",2005,1077308,10,"NB",45.5615,-65.00483,14
"962","NB091",2003,1077308,10,"NB",45.5615,-65.00483,14
"963","NB091",2009,1077308,10,"NB",45.5615,-65.00483,14
"964","NB092",2007,1051836,10,"NB",46.76819,-65.01597,14
"965","NB092",2006,1051836,10,"NB",46.76819,-65.01597,14
"966","NB092",2005,1051836,10,"NB",46.76819,-65.01597,14
"967","NB092",2004,1051836,10,"NB",46.76819,-65.01597,14
"968","NB086",2001,1077257,10,"NB",47.71151,-64.852783,14
"969","NB092",2003,1051836,10,"NB",46.76819,-65.01597,14
"970","NB092",2001,1074778,10,"NB",46.76819,-65.01597,14
"971","NB092",2011,1077318,10,"NB",46.76819,-65.01597,14
"972","NB092",2008,1077318,10,"NB",46.76819,-65.01597,14
"973","NB092",2009,1077318,10,"NB",46.76819,-65.01597,14
"974","NB090",2014,1067861,8,"NB",45.61082,-66.14313,14
"975","NB094",2015,1030122,10,"NB",47.494469,-68.010223,14
"976","NB094",2012,1030122,10,"NB",47.494469,-68.010223,14
"977","NB094",2007,1030122,10,"NB",47.494469,-68.010223,14
"978","NB091",2002,1074871,10,"NB",45.5615,-65.00483,14
"979","NB094",2008,1030122,10,"NB",47.494469,-68.010223,14
"980","NB091",2004,1077308,10,"NB",45.5615,-65.00483,14
"981","NB091",2006,1077308,10,"NB",45.5615,-65.00483,14
"982","NB094",2006,1030122,10,"NB",47.494469,-68.010223,14
"983","NB094",2005,1030122,10,"NB",47.494469,-68.010223,14
"984","NB094",2004,1030122,10,"NB",47.494469,-68.010223,14
"985","NB094",2003,1030122,10,"NB",47.494469,-68.010223,14
"986","NB091",2010,1077308,10,"NB",45.5615,-65.00483,14
"987","NB094",2002,1030122,10,"NB",47.494469,-68.010223,14
"988","NB096",2014,1030122,10,"NB",47.223049,-67.615608,14
"989","NB096",2010,1030122,10,"NB",47.223049,-67.615608,14
"990","NB096",2009,1030122,10,"NB",47.223049,-67.615608,14
"991","NB096",2008,1030122,10,"NB",47.223049,-67.615608,14
"992","NB096",2006,1030122,10,"NB",47.223049,-67.615608,14
"993","NB096",2005,1030122,10,"NB",47.223049,-67.615608,14
"994","NB096",2004,1030122,10,"NB",47.223049,-67.615608,14
"995","NB096",2007,1030122,10,"NB",47.223049,-67.615608,14
"996","NB096",2003,1077288,10,"NB",47.223049,-67.615608,14
"997","NB096",2002,1077288,10,"NB",47.223049,-67.615608,14
"998","NB097",2004,1074836,10,"NB",46.761608,-67.4328,14
"999","NB097",2002,1074836,10,"NB",46.761608,-67.4328,14
"1000","NB097",2005,1077311,10,"NB",46.761608,-67.4328,14
"1001","NB098",2002,1074797,10,"NB",46.462452,-66.796974,14
"1002","NB098",2005,1081632,10,"NB",46.462452,-66.796974,14
"1003","NB098",2004,1081632,10,"NB",46.462452,-66.796974,14
"1004","NB099",2015,1044182,9,"NB",46.54771,-66.52418,14
"1005","NB094",2010,1030122,10,"NB",47.494469,-68.010223,14
"1006","NB099",2002,1077255,10,"NB",46.54771,-66.52418,14
"1007","NB099",2006,1077255,10,"NB",46.54771,-66.52418,14
"1008","NB099",2005,1077255,10,"NB",46.54771,-66.52418,14
"1009","NB099",2003,1077255,10,"NB",46.54771,-66.52418,14
"1010","NB101",2016,1051811,8,"NB",47.566559,-66.788422,14
"1011","NB094",2014,1030122,10,"NB",47.494469,-68.010223,14
"1012","NB101",2009,1051811,10,"NB",47.566559,-66.788422,14
"1013","NB101",2008,1051811,10,"NB",47.566559,-66.788422,14
"1014","NB101",2007,1051811,10,"NB",47.566559,-66.788422,14
"1015","NB101",2004,1051811,10,"NB",47.566559,-66.788422,14
"1016","NB101",2005,1051811,10,"NB",47.566559,-66.788422,14
"1017","NB101",2006,1051811,10,"NB",47.566559,-66.788422,14
"1018","NB101",2013,1051811,10,"NB",47.566559,-66.788422,14
"1019","NB096",2015,1030122,10,"NB",47.223049,-67.615608,14
"1020","NB102",2012,1051811,10,"NB",47.62822,-66.41906,14
"1021","NB096",2012,1030122,10,"NB",47.223049,-67.615608,14
"1022","NB099",2010,1030030,10,"NB",46.54771,-66.52418,14
"1023","NB091",2007,1077308,10,"NB",45.5615,-65.00483,14
"1024","NB099",2004,1077255,10,"NB",46.54771,-66.52418,14
"1025","NB101",2011,1051811,10,"NB",47.566559,-66.788422,14
"1026","NB101",2012,1051811,10,"NB",47.566559,-66.788422,14
"1027","NB101",2003,1051811,10,"NB",47.566559,-66.788422,14
"1028","NB102",2008,1051811,10,"NB",47.62822,-66.41906,14
"1029","NB102",2006,1051811,10,"NB",47.62822,-66.41906,14
"1030","NB102",2005,1051811,10,"NB",47.62822,-66.41906,14
"1031","NB102",2013,1051811,10,"NB",47.62822,-66.41906,14
"1032","NB102",2004,1051811,10,"NB",47.62822,-66.41906,14
"1033","NB102",2003,1051811,10,"NB",47.62822,-66.41906,14
"1034","NB102",2015,1051811,10,"NB",47.62822,-66.41906,14
"1035","NB102",2016,1051811,10,"NB",47.62822,-66.41906,14
"1036","NB103",2002,1013845,10,"NB",46.5956,-66.191589,14
"1037","NB103",2003,1013845,10,"NB",46.5956,-66.191589,14
"1038","NB103",2011,1030137,10,"NB",46.5956,-66.191589,14
"1039","NB103",2009,1030137,10,"NB",46.5956,-66.191589,14
"1040","NB103",2008,1030137,10,"NB",46.5956,-66.191589,14
"1041","NB104",2004,1013845,10,"NB",46.13641,-66.297539,14
"1042","NB104",2006,1013845,10,"NB",46.13641,-66.297539,14
"1043","NB104",2016,1044071,10,"NB",46.13641,-66.297539,14
"1044","NB104",2015,1044071,10,"NB",46.13641,-66.297539,14
"1045","NB104",2012,1044071,10,"NB",46.13641,-66.297539,14
"1046","NB104",2005,1013845,10,"NB",46.13641,-66.297539,14
"1047","NB104",2014,1044071,10,"NB",46.13641,-66.297539,14
"1048","NB104",2013,1044071,10,"NB",46.13641,-66.297539,14
"1049","NB105",2009,1030089,10,"NB",45.5789,-65.3004,14
"1050","NB105",2006,1030089,10,"NB",45.5789,-65.3004,14
"1051","NB105",2005,1030089,10,"NB",45.5789,-65.3004,14
"1052","NB105",2004,1030089,10,"NB",45.5789,-65.3004,14
"1053","NB105",2008,1030089,10,"NB",45.5789,-65.3004,14
"1054","NB107",2002,1074881,10,"NB",47.16907,-65.8611,14
"1055","NB105",2016,1030089,10,"NB",45.5789,-65.3004,14
"1056","NB108",2003,1051817,10,"NB",46.681301,-67.173103,14
"1057","NB108",2002,1051817,10,"NB",46.681301,-67.173103,14
"1058","NB109",2012,1068003,10,"NB",45.88919,-67.51411,14
"1059","NB109",2008,1068003,10,"NB",45.88919,-67.51411,14
"1060","NB109",2010,1068003,10,"NB",45.88919,-67.51411,14
"1061","NB108",2005,1051817,10,"NB",46.681301,-67.173103,14
"1062","NB109",2007,1068003,10,"NB",45.88919,-67.51411,14
"1063","NB109",2009,1068003,10,"NB",45.88919,-67.51411,14
"1064","NB109",2006,1068003,10,"NB",45.88919,-67.51411,14
"1065","NB109",2002,1074786,10,"NB",45.88919,-67.51411,14
"1066","NB110",2002,1051827,10,"NB",45.250099,-67.157402,14
"1067","NB109",2003,1074786,10,"NB",45.88919,-67.51411,14
"1068","NB110",2012,1051827,10,"NB",45.250099,-67.157402,14
"1069","NB110",2004,1051827,10,"NB",45.250099,-67.157402,14
"1070","NB110",2005,1051827,9,"NB",45.250099,-67.157402,14
"1071","NB110",2006,1051827,10,"NB",45.250099,-67.157402,14
"1072","NB110",2016,1051827,9,"NB",45.250099,-67.157402,14
"1073","NB110",2007,1051827,10,"NB",45.250099,-67.157402,14
"1074","NB110",2008,1051827,9,"NB",45.250099,-67.157402,14
"1075","NB110",2013,1051827,9,"NB",45.250099,-67.157402,14
"1076","NB110",2011,1051827,9,"NB",45.250099,-67.157402,14
"1077","NB110",2015,1051827,9,"NB",45.250099,-67.157402,14
"1078","NB110",2010,1051827,10,"NB",45.250099,-67.157402,14
"1079","NB110",2014,1051827,9,"NB",45.250099,-67.157402,14
"1080","NB110",2009,1051827,10,"NB",45.250099,-67.157402,14
"1081","NB112",2009,1067861,10,"NB",45.83202,-66.37835,14
"1082","NB112",2014,1067861,10,"NB",45.83202,-66.37835,14
"1083","NB112",2008,1067861,10,"NB",45.83202,-66.37835,14
"1084","NB112",2004,1077259,10,"NB",45.83202,-66.37835,14
"1085","NB112",2006,1077259,10,"NB",45.83202,-66.37835,14
"1086","NB112",2007,1077313,10,"NB",45.83202,-66.37835,14
"1087","NB113",2011,1051849,10,"NB",45.590519,-65.448608,14
"1088","NB113",2007,1051849,10,"NB",45.590519,-65.448608,14
"1089","NB113",2013,1051849,10,"NB",45.590519,-65.448608,14
"1090","NB113",2005,1051849,10,"NB",45.590519,-65.448608,14
"1091","NB112",2003,1077259,10,"NB",45.83202,-66.37835,14
"1092","NB113",2009,1051849,10,"NB",45.590519,-65.448608,14
"1093","NB113",2012,1051849,10,"NB",45.590519,-65.448608,14
"1094","NB113",2010,1051849,10,"NB",45.590519,-65.448608,14
"1095","NB113",2015,1051849,10,"NB",45.590519,-65.448608,14
"1096","NB113",2008,1051849,10,"NB",45.590519,-65.448608,14
"1097","NB113",2014,1051849,10,"NB",45.590519,-65.448608,14
"1098","NB063",2019,1074880,10,"NB",46.535622,-64.734291,14
"1099","NB084",2019,1074880,7,"NB",46.642231,-64.957657,14
"1100","NB008",2019,1074874,10,"NB",46.51086,-67.346329,14
"1101","NB086",2019,1074868,10,"NB",47.71151,-64.852783,14
"1102","NB010",2019,1074836,10,"NB",47.144939,-67.242104,14
"1103","NB023",2019,1030368,10,"NB",46.197189,-66.927391,14
"1104","NB080",2019,1051847,10,"NB",45.77499,-66.089348,14
"1105","NB056",2019,1077272,10,"NB",45.268333,-65.73333,14
"1106","NB081",2019,1079009,10,"NB",45.788891,-65.496498,14
"1107","NB102",2019,1051811,10,"NB",47.62822,-66.41906,14
"1108","NB101",2019,1051811,10,"NB",47.566559,-66.788422,14
"1109","NB043",2019,1051811,9,"NB",47.945751,-66.409889,14
"1110","NB036",2019,1051832,10,"NB",46.868752,-66.026222,14
"1111","NB113",2019,1030060,10,"NB",45.590519,-65.448608,14
"1112","NB001",2019,1054918,10,"NB",45.449188,-67.441971,14
"1113","NB110",2003,1051827,10,"NB",45.250099,-67.157402,14
"1114","NB097",2019,1081919,10,"NB",46.761608,-67.4328,14
"1115","NB086",2018,1074868,10,"NB",47.71151,-64.852783,14
"1116","NB075",2019,1079011,10,"NB",46.36808,-65.497643,14
"1117","NB027",2019,1051826,10,"NB",45.437832,-66.781418,14
